1,-2.9844,1.9213,9.2129
2,-1.7777,1.2845,10.118
3,-1.1935,1.251,10.262
4,-1.3036,1.5143,9.7683
5,-0.7865,1.385,8.4276
6,-0.29808,0.97803,7.9918
7,-0.36033,0.82959,9.165
8,-1.9597,1.3372,7.7237
9,-3.1711,1.7968,7.92
10,-3.5159,1.6867,10.597
11,-3.037,1.1696,12.076
12,-1.6005,0.44652,11.89
13,-1.3659,0.93972,10.051
14,-1.2318,1.4138,8.8633
15,-1.6197,1.6724,9.232
16,-1.7777,1.4377,9.9359
17,-0.59017,0.62369,10.463
18,0.55905,0.13527,10.635
19,-0.48004,0.71946,10.108
20,-1.6245,1.8304,9.4188
21,-2.1608,2.3954,9.0261
22,-2.405,2.156,9.007
23,-1.0834,1.9357,9.074
24,-0.4944,1.7298,10.013
25,-1.1408,1.7059,10.434
26,-1.5239,1.5,9.8019
27,-2.0937,1.5718,10.089
28,-1.4377,1.8352,9.505
29,-0.59496,1.7346,8.4324
30,-0.19752,1.3707,8.8202
31,-0.72903,1.1648,10.597
32,-1.2653,0.98282,10.855
33,-1.3372,1.3515,10.463
34,-1.5479,2.3858,9.5912
35,-1.5143,2.8838,8.8059
36,-1.1456,2.3236,7.9392
37,-1.0355,1.9644,9.2512
38,-1.0642,2.1033,10.285
39,-0.97803,2.1991,10.171
40,-0.36033,2.3571,9.6822
41,-0.15921,2.654,9.0549
42,-0.058658,2.6348,8.8873
43,-0.049081,2.5534,9.6103
44,-1.0115,2.8982,10.487
45,-2.1272,3.0323,10.731
46,-2.0602,2.9748,10.415
47,-0.89663,2.903,9.8976
48,0.19034,2.9652,9.2895
49,-0.21668,3.4728,8.4898
50,-0.81523,4.0282,8.2744
51,-0.010774,3.4919,8.0158
52,0.73143,3.2334,8.1355
53,0.45849,3.6883,8.4372
54,0.2478,4.1432,8.9735
55,0.13767,4.2437,9.9503
56,-0.044293,3.8798,9.6103
57,-0.32681,3.9325,9.2943
58,0.18555,3.7745,10.013
59,1.3587,3.4488,10.127
60,1.6987,3.1855,10.429
61,1.2534,2.1081,11.684
62,2.0865,0.56623,12.345
63,3.3651,0.005986,13.489
64,2.8287,-0.051475,13.048
65,1.2198,0.93972,10.635
66,0.14245,2.6827,8.0014
67,0.77931,3.1089,7.9679
68,1.2198,1.7442,10.53
69,0.43455,0.1257,14.265
70,-1.4664,0.30287,13.422
71,-4.215,1.7154,8.7484
72,-4.0378,2.8503,6.6032
73,-1.2701,2.4529,6.5697
74,-0.26456,1.5431,6.9863
75,-0.38906,1.2797,5.5498
76,0.18076,1.3467,3.4381
77,1.9094,1.6197,3.3519
78,3.9636,1.4281,7.1204
79,7.7369,0.60932,11.353
80,8.9196,1.7394,7.5705
81,6.6307,0.85832,6.3446
82,3.8535,1.5048,9.9647
83,-0.50877,1.5143,13.623
84,-0.44652,1.9549,9.9551
85,2.824,2.5486,7.1156
86,4.95,2.8264,9.2991
87,3.1591,2.3715,10.104
88,0.83677,1.4473,10.592
89,1.4162,1.2845,10.592
90,1.6652,2.0219,10.214
91,-0.5375,2.4912,10.161
92,-1.5479,2.2039,11.013
93,-0.14485,0.23104,11.181
94,3.2693,-0.96127,11.856
95,3.4225,-0.46807,12.613
96,-0.24062,0.50398,12.143
97,-2.8742,1.4664,11.387
98,-3.4872,1.725,10.539
99,-3.3387,1.069,10.056
100,-2.0889,0.029928,9.7875
101,-0.50877,-0.056264,10.18
102,-0.18316,0.1257,10.415
103,0.53032,0.46088,9.9407
104,0.89423,0.78171,9.1219
105,0.41061,1.1887,8.2935
106,-0.48961,1.8064,7.9392
107,-2.2757,2.3331,8.8681
108,-2.8024,2.5917,9.4379
109,-0.92057,2.5247,8.4851
110,0.21428,2.4816,8.3653
111,0.25259,2.6013,8.9591
112,-0.001197,2.7737,9.3709
113,0.10415,3.0849,9.1554
114,0.5351,3.2813,8.2073
115,1.5024,3.2717,7.5465
116,1.8998,3.3339,7.9775
117,0.25738,3.4393,9.979
118,-0.044293,3.6212,10.755
119,1.081,3.7601,9.7348
120,1.7897,3.9708,8.5281
121,1.4449,4.2102,8.4659
122,-0.662,3.9756,9.4954
123,-2.3044,2.8742,10.975
124,-2.3092,1.1983,12.977
125,-0.22625,-0.10894,14.595
126,1.7466,-0.5351,14.404
127,0.91818,-0.26695,12.819
128,-1.3228,0.50877,10.951
129,-2.6875,0.80086,9.5672
130,-2.4002,0.71467,8.758
131,-1.9692,0.50398,9.5098
132,-2.2182,0.55186,10.755
133,-1.7729,1.093,9.5337
134,-2.0698,1.5287,7.1682
135,-2.4241,1.9501,6.1435
136,-2.8503,2.2087,7.0437
137,-2.9461,2.3715,8.7388
138,-2.3284,2.1081,9.3757
139,-0.53271,1.8974,8.2504
140,-0.005986,2.1416,7.0246
141,-0.59496,2.4529,6.8426
142,-1.2366,2.7785,7.8578
143,-1.3324,2.7641,8.9256
144,-0.14485,2.4529,8.7628
145,-0.039504,2.6635,8.3701
146,-1.8639,3.1711,9.1602
147,-2.7066,3.6787,9.0405
148,-1.8016,3.6595,7.7668
149,-0.21189,3.3435,7.5944
150,-0.18795,3.4488,8.734
151,-2.2996,3.9899,10.137
152,-3.6164,4.1192,9.5864
153,-2.788,3.5973,8.1259
154,-1.5718,2.6348,7.9248
155,-1.2414,1.4329,9.6055
156,-2.5534,0.65721,13.101
157,-3.0849,0.049081,15.127
158,-1.5431,0.073023,14.595
159,-0.001197,0.24062,12.747
160,-1.0115,1.2989,10.932
161,-3.1089,1.8112,9.2943
162,-3.7649,1.8304,9.3087
163,-3.037,1.4617,10.233
164,-1.4904,1.227,10.458
165,-1.4377,1.2701,9.4715
166,-1.2605,1.2318,8.7197
167,-0.8679,1.2414,8.2361
168,-0.56623,1.1169,8.4324
169,-1.1456,1.1791,9.1937
170,-1.4617,1.0499,9.098
171,-1.2558,1.0977,8.4084
172,-0.57581,1.3132,7.5034
173,-0.47525,1.5431,7.7237
174,-0.67636,1.6245,8.9016
175,-0.83438,1.6867,9.6582
176,-0.67157,1.7202,9.8737
177,-0.14964,1.7633,8.9304
178,0.11851,1.9788,8.327
179,0.19992,2.0842,8.509
180,0.10415,2.1081,9.4188
181,-0.015562,1.7921,10.587
182,0.6596,1.476,10.582
183,1.1911,1.409,10.046
184,1.1097,1.6532,9.6438
185,1.0762,1.8543,9.7683
186,0.76974,1.8687,9.9503
187,0.21428,1.5287,9.912
188,-0.42258,0.72903,10.386
189,-0.48961,-0.44412,12.119
190,0.39145,-1.1289,14.451
191,1.081,-1.1049,14.432
192,0.43455,-0.34357,11.837
193,-0.94451,0.40821,9.8928
194,-2.0506,0.64284,9.6103
195,-1.9788,0.029928,10.491
196,-1.1983,-0.58778,11.258
197,-0.44652,-0.87029,10.76
198,-0.8679,-0.54947,10.372
199,-1.5287,-0.14724,9.7348
200,-1.2941,0.063446,8.6766
201,-0.164,0.15443,7.762
202,0.59735,0.26935,7.0437
203,0.48243,0.59975,7.0533
204,-0.73382,1.0355,7.8003
205,-1.4712,1.2462,8.5281
206,-1.1791,1.3324,8.9878
207,-0.662,1.3228,9.4379
208,-0.44652,1.4569,9.1698
209,-0.62369,1.8256,8.5521
210,-1.0068,2.1033,8.2504
211,-1.0307,2.2853,8.2073
212,-0.91578,2.3188,8.4994
213,-1.069,2.0746,9.572
214,-0.93972,1.816,10.29
215,-0.39385,1.816,10.084
216,-0.59975,2.0363,9.8689
217,-1.5526,2.1991,10.357
218,-2.2901,1.8687,10.195
219,-1.9022,0.99718,10.013
220,-0.91578,0.19273,11.746
221,-0.60454,-0.075417,13.882
222,-1.3324,0.37948,13.695
223,-1.7873,1.093,11.459
224,-2.4289,1.5718,9.8162
225,-3.1903,1.5622,9.2081
226,-2.9221,1.3132,9.2943
227,-2.7066,1.251,9.7205
228,-2.4146,1.4186,9.0118
229,-1.9644,1.634,8.4707
230,-1.3563,1.6484,8.3893
231,-0.69073,1.4856,8.2025
232,-0.47046,1.4569,8.0972
233,-0.91099,1.6245,8.2791
234,-1.2127,1.8974,8.193
235,-1.2749,2.0171,8.2696
236,-1.0786,1.9692,8.9974
237,-0.90142,1.8591,9.9359
238,-0.63806,1.8304,10.233
239,-0.26935,1.9932,9.7205
240,-0.14006,2.2709,8.9783
241,-0.26456,2.5869,8.8873
242,-0.76255,2.7593,9.4858
243,-0.39385,2.6827,9.7971
244,-0.16879,2.6348,9.8976
245,-0.37948,2.5917,9.8785
246,-0.29808,2.6683,9.8976
247,-0.25019,2.9461,10.07
248,-0.039504,2.9221,9.8833
249,-0.001197,2.8072,9.1028
250,-1.2462,1.9549,9.7061
251,-2.0554,0.73861,12.388
252,-1.0451,-0.23822,14.739
253,0.95648,-0.35314,14.011
254,1.2007,0.28371,11.87
255,-0.83917,1.1025,10.482
256,-2.9796,1.3228,10.357
257,-3.377,0.87269,10.491
258,-2.3379,0.2071,9.8114
259,-1.1839,-0.21907,9.0644
260,-0.8679,-0.35314,9.2991
261,-1.0786,-0.24301,9.5289
262,-1.1169,-0.11851,9.1219
263,-0.7865,0.13048,8.169
264,-0.47525,0.48483,6.9001
265,-0.44652,0.84396,5.9328
266,-0.54707,1.1648,6.3015
267,-1.0403,1.4712,7.9583
268,-1.8974,1.7633,9.4188
269,-1.7011,1.8735,9.3565
270,-1.0259,1.9597,8.6526
271,-1.0068,2.1177,8.1116
272,-1.16,2.3475,7.8099
273,-1.6676,2.6635,8.1547
274,-2.1225,2.7019,8.5808
275,-1.4521,2.4241,8.2361
276,-0.48961,2.3044,8.0206
277,-0.28371,2.2039,8.3701
278,-0.66678,1.998,9.5816
279,-0.90621,1.5862,10.702
280,-0.77692,1.2845,11.607
281,-1.8543,0.68594,12.589
282,-2.8742,-0.30526,14.255
283,-2.314,-0.98521,16.132
284,-1.1217,-0.87029,15.907
285,-0.7003,-0.26216,13.369
286,-1.0882,0.59017,10.654
287,-2.3044,1.318,8.6862
288,-3.7266,1.4904,7.9823
289,-3.5733,1.0211,8.078
290,-2.1943,0.3316,8.5617
291,-1.8208,0.0826,9.1842
292,-1.8112,0.19273,9.5241
293,-1.0834,0.30766,9.2895
294,-0.60454,0.44173,8.9112
295,-1.0834,0.81044,8.8585
296,-1.907,1.318,8.6383
297,-2.6109,1.8016,8.0876
298,-3.0658,2.1177,8.2217
299,-2.9461,2.1464,8.6287
300,-2.1991,2.0171,8.8202
301,-1.4664,1.9261,9.0309
302,-1.2893,2.0554,9.2368
303,-1.1265,2.2087,9.1267
304,-0.72903,2.4289,8.6431
305,-0.55186,2.5678,8.193
306,-0.33638,2.4912,8.2504
307,-0.015562,2.1895,9.2608
308,0.29568,1.9118,10.554
309,0.45849,1.9501,11.028
310,0.48243,2.2565,10.573
311,0.075417,2.4576,9.4619
312,-1.1696,1.634,9.9742
313,-2.0219,0.36033,12.426
314,-1.4473,-0.99,14.384
315,0.52553,-1.6077,14.336
316,1.8088,-1.3827,11.818
317,1.239,-0.4968,9.4332
318,-0.74819,0.3699,9.0932
319,-2.5486,0.80086,10.52
320,-2.9509,0.43215,11.439
321,-2.1656,-0.089783,10.769
322,-1.5,-0.30526,10.084
323,-1.3946,-0.29568,9.6007
324,-1.749,-0.070629,9.4523
325,-1.816,0.24062,9.5098
326,-2.2422,0.4944,9.7013
327,-1.9836,0.63327,8.6096
328,-0.97324,0.59975,6.3446
329,0.15203,0.59975,5.5641
330,0.11373,0.53271,7.264
331,-1.2462,0.76255,9.6917
332,-2.4481,1.069,10.989
333,-2.2565,1.1696,10.008
334,-1.7059,1.3946,8.6718
335,-1.5143,1.6436,8.2121
336,-1.5287,1.8352,8.1547
337,-1.7442,2.1464,8.6287
338,-2.1416,2.4289,8.9447
339,-2.1895,2.5391,8.6431
340,-2.1847,2.4912,8.6431
341,-1.9405,2.0171,9.505
342,-1.725,1.5574,10.549
343,-1.8687,1.5574,11.224
344,-2.7114,1.6149,11.066
345,-3.5207,1.3946,10.678
346,-3.31,0.55186,11.205
347,-2.1081,-0.14245,12.349
348,-1.2558,-0.1664,12.819
349,-2.1033,0.36033,11.401
350,-3.2813,0.90621,9.9168
351,-3.6117,1.1408,9.1985
352,-3.0083,1.0546,8.5856
353,-2.3284,0.97803,8.327
354,-2.4529,1.0259,8.0302
355,-2.3044,1.1408,7.8769
356,-1.4808,0.9924,8.351
357,-0.8679,0.86311,8.916
358,-1.3084,1.0546,9.5481
359,-2.563,1.5191,9.9742
360,-2.8024,1.7921,9.5816
361,-2.1033,1.9022,8.8825
362,-1.7394,2.0219,8.9639
363,-2.2517,2.3092,9.6199
364,-2.4768,2.4241,10.041
365,-2.0458,2.4098,10.324
366,-1.749,2.7066,9.9503
367,-1.5862,3.0466,9.256
368,-1.4952,3.2956,8.6574
369,-1.0307,3.3962,8.3222
370,-0.37948,3.3148,8.327
371,0.14724,3.0035,8.6239
372,0.44412,2.7785,9.0692
373,0.28132,2.6731,9.2368
374,0.65003,2.7976,9.098
375,1.4305,2.9365,8.6718
376,1.67,3.0849,8.0062
377,0.72185,3.152,7.3358
378,-1.6149,2.0171,8.8585
379,-2.5678,0.3699,13.269
380,-1.4425,-0.49201,16.554
381,0.21428,-0.35793,14.949
382,0.017957,0.71467,11.411
383,-2.065,1.7202,9.4667
384,-4.3778,2.0075,9.3182
385,-4.6364,1.5143,9.4954
386,-3.6356,0.86311,9.5864
387,-2.7114,0.36512,9.5768
388,-1.6532,-0.084994,9.5241
389,-0.61411,-0.21907,9.4667
390,-0.19752,-0.23344,8.8921
391,-0.59496,0.05387,8.3653
392,-1.9644,0.63327,8.0876
393,-2.2661,1.1839,7.7237
394,-1.5574,1.3755,7.5896
395,-1.093,1.5287,8.1499
396,-0.97324,1.5143,8.7724
397,-0.59975,1.3898,8.8777
398,-0.1257,1.2175,8.7149
399,0.11373,1.3276,8.9208
400,-0.61411,1.5287,9.2656
401,-1.093,1.6293,9.2368
402,-0.97803,1.5048,9.0357
403,-0.7003,1.3228,9.6726
404,-1.5335,1.3707,11.023
405,-2.9892,1.4712,12.445
406,-4.373,1.3324,13.302
407,-3.6883,1.2127,14.499
408,-2.0698,1.0068,14.858
409,-1.0068,0.88705,11.353
410,-1.4856,1.3419,8.5617
411,-2.381,1.4521,9.1171
412,-2.6396,1.5957,10.989
413,-2.3715,2.065,11.104
414,-1.9692,2.405,10.041
415,-2.6635,2.7976,8.327
416,-3.9229,2.9987,6.7612
417,-4.2102,2.9652,5.7988
418,-3.037,2.5438,5.6934
419,-1.7825,2.1512,6.8522
420,-1.4521,1.9884,8.1403
421,-1.4425,1.8399,8.5712
422,-1.3276,1.8064,8.8298
423,-1.385,1.8447,9.2129
424,-1.7346,1.9836,9.6582
425,-1.7154,2.2039,9.1602
426,-1.4281,2.3331,8.0589
427,-0.98282,2.2948,8.078
428,-0.52313,2.247,8.8825
429,-0.32681,2.4912,9.3996
430,-0.62848,2.9317,9.2991
431,-0.9493,3.219,8.5856
432,-1.0499,3.3722,8.2408
433,-0.34596,3.4105,7.9823
434,0.88945,3.3148,7.1539
435,1.1432,3.219,7.9296
436,0.27653,3.3818,10.697
437,-0.71946,3.7601,11.995
438,-1.2318,3.9708,11.123
439,-1.16,3.7362,10.621
440,-1.8256,2.7545,11.765
441,-2.8216,1.4904,12.938
442,-2.9604,0.66678,14.092
443,-1.5431,0.46088,13.963
444,-0.24541,0.88705,12.163
445,-0.60454,1.3755,10.396
446,-1.9644,1.4329,9.3326
447,-3.2429,0.91578,9.5337
448,-3.3818,0.31723,10.779
449,-2.4241,-0.47286,11.574
450,-0.97803,-0.51116,10.295
451,-0.7865,-0.17119,8.4898
452,-1.1696,0.18316,7.6614
453,-1.1456,0.25498,6.9192
454,-1.1935,0.52792,6.359
455,-2.0985,0.98282,6.9767
456,-2.7258,1.2845,7.5369
457,-2.4576,1.4473,7.2161
458,-2.0363,1.4856,6.7373
459,-1.8399,1.5239,7.0485
460,-1.7777,1.6484,7.5034
461,-1.7059,1.8783,7.6854
462,-2.0746,2.2326,7.829
463,-2.3954,2.4337,7.3646
464,-2.4146,2.5103,6.8139
465,-2.2039,2.4241,7.0006
466,-2.4337,2.496,8.2552
467,-3.2382,2.5103,10.132
468,-3.8654,2.3092,11.55
469,-3.9085,1.9932,11.55
470,-4.0713,1.6005,11.617
471,-4.6124,0.97324,12.627
472,-5.1392,0.049081,13.91
473,-4.5071,-1.0618,14.571
474,-2.7019,-1.2965,15.663
475,-1.7394,-0.87508,15.763
476,-2.745,-0.1664,14.447
477,-3.7697,0.58059,11.698
478,-3.219,1.0163,8.3318
479,-1.7202,1.1552,6.8235
480,-0.29329,0.73861,6.6894
481,0.56383,0.32202,7.1204
482,1.4928,0.14964,7.0677
483,1.828,0.24541,6.5984
484,1.6077,0.45131,5.8993
485,-0.24541,0.92057,6.6367
486,-0.73861,0.90621,6.4931
487,0.60214,1.2318,6.6655
488,0.88945,1.3419,7.7381
489,-0.025139,1.6053,9.4427
490,-2.7737,2.2134,12.177
491,-3.8271,2.1799,12.862
492,-1.6101,2.5055,10.908
493,-0.45609,2.7785,8.9543
494,-0.7865,3.1568,9.0118
495,-2.2182,3.6739,10.094
496,-1.7538,3.3866,9.3613
497,-0.57102,3.4105,8.8825
498,-1.5191,3.4249,10.281
499,-1.3994,3.1663,10.171
500,0.43934,3.2477,7.9009
501,0.88466,2.472,7.9679
502,0.50158,-0.28611,13.221
503,1.0092,-2.6133,17.894
504,2.1871,-4.0211,18.426
505,3.2166,-3.7481,15.773
506,1.8567,-2.4026,11.813
507,-0.71467,-0.82241,9.1937
508,-2.5151,0.46088,8.1547
509,-3.2573,0.78171,8.6239
510,-2.4624,0.15921,8.9974
511,-0.93972,-0.63566,8.9783
512,0.046687,-1.1241,8.7867
513,0.31484,-0.84635,8.5569
514,-1.0977,-0.41539,9.7252
515,-1.9022,-0.28132,8.8969
516,-0.68115,0.14485,6.5936
517,-0.20231,0.47046,5.3008
518,-0.58059,0.96367,5.0422
519,-2.3954,1.7442,5.8466
520,-2.9748,1.1839,4.6352
521,-0.34596,-0.25738,4.707
522,0.87987,-1.7992,11.21
523,0.99958,-2.824,17.789
524,1.9525,-3.0394,18.134
525,3.3411,-2.2158,13.005
526,1.8423,-0.84635,7.9823
527,-0.34596,0.52792,5.3103
528,-1.5862,1.3707,4.7453
529,-1.3659,1.7154,5.1954
530,-0.47525,1.2414,5.9711
531,-0.26935,0.57102,7.7045
532,-2.2661,0.14964,10.391
533,-4.5358,-1.1863,11.31
534,-2.8503,-2.6085,11.224
535,-0.25977,-3.5566,13.269
536,1.2773,-3.5805,15.883
537,0.032322,-3.0777,16.965
538,-2.9939,-2.2206,14.509
539,-6.0633,-0.98043,11.626
540,-7.1503,-0.19034,9.9838
541,-3.3627,-0.69791,8.691
542,1.6652,-1.7705,8.5186
543,2.7665,-2.4169,9.6534
544,2.6085,-2.6037,10.319
545,2.7138,-2.8575,10.415
546,2.9724,-2.7904,9.5529
547,2.9724,-2.5941,8.4563
548,2.6324,-2.1344,8.0972
549,1.8519,-1.7466,8.3366
550,0.6213,-1.1863,8.6526
551,-0.85353,-0.80804,9.7252
552,-1.6484,-0.46328,9.9886
553,-1.2558,-0.089783,8.8921
554,-0.063446,0.23583,7.7237
555,0.44891,0.50877,7.5848
556,-0.90142,0.78171,9.4571
557,-2.0363,0.96845,10.649
558,-2.1272,1.251,10.726
559,-0.49919,1.0786,9.4667
560,0.70749,0.90142,8.7005
561,0.31963,0.86311,8.4467
562,-0.89184,1.2127,9.0118
563,-1.0546,1.3659,8.8155
564,-1.318,1.1935,7.8147
565,-2.2948,0.19752,8.7197
566,-3.0035,-1.172,11.459
567,-2.5726,-2.4888,14.116
568,-0.48483,-2.7857,15.356
569,0.28611,-2.6516,14.284
570,-0.65242,-2.235,11.99
571,-1.9309,-1.8423,10.175
572,-2.0937,-2.0147,9.4715
573,-1.2366,-2.4217,9.0118
574,0.13767,-2.9197,9.7636
575,-0.025139,-2.9916,11.291
576,-1.0977,-2.8048,11.31
577,-1.7921,-2.2972,9.9168
578,-2.2757,-1.6843,7.7093
579,-1.816,-1.0187,5.6216
580,-0.90621,-0.43455,5.1715
581,-0.38906,-0.15203,5.794
582,-1.1744,0.26935,7.4077
583,-2.1799,0.67636,9.1458
584,-2.4289,0.77692,9.4188
585,-1.9836,1.1073,8.011
586,-1.8735,1.3419,7.9488
587,-2.4624,1.6532,8.5569
588,-2.9078,1.8016,9.1554
589,-2.654,1.8878,8.9208
590,-1.8304,1.7585,7.6279
591,-1.3228,1.4281,6.8283
592,-1.4617,0.8679,8.1116
593,-1.6053,0.25019,10.357
594,-1.9692,-0.15203,11.641
595,-2.7593,-0.43455,12.072
596,-3.4919,-1.057,11.952
597,-3.3818,-2.0818,12.052
598,-2.0554,-2.7665,13.02
599,-0.39385,-2.6995,14.648
600,-0.71946,-2.1679,14.375
601,-2.1656,-1.3635,12.881
602,-2.7402,-0.72664,10.97
603,-2.4529,-0.26216,9.323
604,-1.9932,0.20231,8.0637
605,-2.2517,0.60454,7.8961
606,-2.4864,0.80086,8.1882
607,-2.0458,0.88226,7.9775
608,-1.2989,0.84396,7.8243
609,-0.97803,0.77692,8.1786
610,-1.251,0.69073,9.0932
611,-1.1887,0.6189,9.3374
612,-0.96845,0.7003,8.5952
613,-0.9493,0.7865,8.2169
614,-1.1552,0.77692,8.7771
615,-1.1169,0.77213,9.7396
616,-1.3467,1.0403,10.252
617,-1.2893,1.2893,9.2847
618,-0.43215,1.5431,8.1882
619,-0.13048,1.5909,8.2169
620,-0.087388,1.5526,9.1698
621,-0.17837,1.4186,10.669
622,-0.13048,1.5191,11.2
623,0.28611,1.8447,10.386
624,0.20949,1.883,9.4379
625,-0.14006,1.16,9.979
626,-0.77692,-0.23344,12.775
627,-0.58059,-0.87987,16.19
628,-1.1456,-1.2055,16.716
629,-1.5479,-0.87987,14.413
630,-1.9261,0.32681,12.412
631,-2.9604,1.1839,11.554
632,-4.2533,1.9357,10.855
633,-4.6795,2.0937,10.132
634,-3.8607,1.3467,9.6678
635,-2.8886,0.42736,9.3422
636,-2.156,-0.3292,8.9447
637,-2.0219,-0.55426,9.596
638,-2.6971,-0.53032,10.142
639,-3.0993,-0.31005,9.2177
640,-2.7641,-0.1233,7.173
641,-2.2039,0.14485,5.2289
642,-1.0451,0.15443,3.7158
643,0.14724,0.40342,3.3184
644,0.003591,0.9493,4.276
645,-1.1265,1.6436,5.43
646,-1.3132,1.9261,6.4787
647,-0.87748,1.8016,7.5226
648,-1.4281,2.0937,8.6766
649,-3.0131,2.879,8.4755
650,-4.3347,3.9421,6.7421
651,-4.6843,4.5598,5.138
652,-4.4353,4.5262,5.4731
653,-4.3347,4.1527,7.6136
654,-4.6986,3.5398,9.6678
655,-5.0147,2.8072,10.942
656,-5.1056,1.8543,11.406
657,-5.0003,0.54707,11.535
658,-4.2198,-0.96606,12.57
659,-2.8264,-1.5886,14.7
660,-1.9166,-1.3252,15.811
661,-2.6444,-0.85114,14.394
662,-3.8463,0.049081,12.273
663,-4.5837,0.35554,10.381
664,-4.2677,0.21189,9.4763
665,-3.5733,-0.051475,8.7963
666,-2.8264,0.020351,8.4228
667,-2.6013,0.21668,8.8442
668,-2.156,0.31244,9.481
669,-1.5239,0.49919,9.7205
670,-1.6005,0.70509,9.481
671,-2.1416,1.0977,9.1458
672,-2.1847,1.4425,8.5425
673,-1.6724,1.6436,8.1116
674,-1.3707,1.8352,7.8243
675,-1.2797,2.0411,7.9344
676,-1.0594,2.1751,8.3989
677,-0.68115,2.3044,8.5904
678,-0.30287,2.5055,8.2983
679,-0.22146,3.0275,7.5082
680,-0.95888,3.7697,6.6415
681,-2.1033,4.3682,6.4308
682,-2.9269,4.3682,7.58
683,-2.2757,3.5733,9.73
684,-1.1408,2.654,12.105
685,-1.2989,1.883,13.882
686,-2.3523,1.1408,14.925
687,-3.1759,0.56144,15.452
688,-2.9796,0.23583,15.031
689,-1.5622,0.36033,12.718
690,-0.42258,0.79128,10.367
691,-1.1169,1.3515,9.2033
692,-2.8838,1.5909,9.8545
693,-3.717,1.1983,10.664
694,-3.2382,0.52792,10.635
695,-2.4864,-0.051475,10.118
696,-2.065,-0.25738,9.6582
697,-2.3092,-0.20949,8.9687
698,-2.5821,-0.00838,8.3318
699,-2.4193,0.0826,7.4939
700,-1.7011,0.073023,6.541
701,-0.76255,0.14006,5.5833
702,-0.60454,0.3699,4.9991
703,-1.3755,0.90142,5.2768
704,-2.8886,1.5526,6.0094
705,-3.2669,2.0123,5.9903
706,-2.63,2.0219,5.4827
707,-2.7402,2.1272,6.043
708,-3.4728,2.2853,7.2401
709,-3.8654,2.5199,7.7859
710,-3.9947,2.6252,7.7141
711,-3.6404,2.5247,7.2784
712,-2.97,2.1799,7.6231
713,-2.5917,1.6436,9.4092
714,-2.4241,1.002,11.435
715,-1.974,0.61411,12.378
716,-3.6547,1.0307,12.866
717,-6.6571,1.5335,12.728
718,-10.205,1.5287,12.795
719,-9.3529,-0.37709,12.215
720,-4.4448,-0.77931,12.603
721,-3.5111,-0.28611,14.174
722,-5.3882,-0.29568,14.729
723,-6.3889,-0.027533,14.035
724,-6.1256,-0.056264,11.789
725,-4.9237,-0.28132,9.6103
726,-3.6308,-0.31963,7.5034
727,-2.6013,-0.084994,5.5162
728,-2.0842,0.62369,5.2385
729,-1.9692,0.9493,5.8419
730,-1.5383,1.2989,6.5793
731,-1.5526,1.7107,7.3454
732,-2.2039,2.0315,7.4747
733,-2.7066,2.2805,7.1204
734,-2.7019,2.4289,7.1204
735,-2.6683,2.5343,7.9535
736,-2.4337,2.5534,8.3701
737,-2.2709,2.8742,8.4036
738,-2.812,3.2334,8.2408
739,-2.9269,3.3866,7.3358
740,-2.1895,3.3674,6.9959
741,-1.4186,2.97,8.1451
742,-1.7011,2.3762,9.7492
743,-2.2565,1.9836,11.358
744,-1.8543,2.1751,11.669
745,-1.2318,2.6205,9.9455
746,-2.2422,2.0506,8.7197
747,-4.6364,1.0355,11.559
748,-5.7616,0.37469,15.184
749,-3.9037,-0.26695,15.304
750,-1.3563,0.12091,12.555
751,-1.5383,0.80565,9.7971
752,-3.4919,1.3946,8.8155
753,-5.12,1.0834,9.912
754,-4.6555,0.068235,11.095
755,-3.6164,-0.90381,12.536
756,-3.1328,-1.4593,13.676
757,-3.0227,-1.5933,12.914
758,-3.2477,-1.3252,10.86
759,-3.3339,-0.87987,8.9495
760,-2.6683,-0.53032,7.4651
761,-1.9357,-0.32441,6.3494
762,-1.6676,0.10654,5.4205
763,-1.7585,0.53271,4.9608
764,-1.7202,0.64284,5.0613
765,-1.5957,0.70988,5.9185
766,-1.5862,0.59975,7.0246
767,-1.7059,0.54707,7.1826
768,-2.0219,0.66678,6.9623
769,-2.2278,0.73382,6.7421
770,-2.4241,1.0403,7.1012
771,-3.0514,1.4904,7.9344
772,-3.6931,1.7681,7.9296
773,-4.0139,1.907,7.3741
774,-4.938,1.0738,7.5178
775,-6.3315,-0.041899,10.467
776,-7.4232,-0.85593,15.117
777,-6.3219,-0.85593,17.415
778,-5.0194,-0.11851,15.318
779,-4.8375,0.662,12.297
780,-4.6747,1.251,9.7396
781,-5.0003,1.6101,8.3127
782,-5.3642,1.725,7.6998
783,-5.2828,1.634,7.8099
784,-4.6555,1.1839,7.9966
785,-3.377,0.74819,8.667
786,-2.4146,0.41779,9.3134
787,-2.2661,0.34117,9.7636
788,-2.721,0.53271,9.4284
789,-2.6875,0.80565,8.5425
790,-2.381,1.0594,7.9679
791,-2.2901,1.2414,7.8913
792,-2.381,1.2989,8.3797
793,-2.472,1.3276,8.9687
794,-2.3762,1.3707,9.0549
795,-1.9022,1.6149,8.7101
796,-1.6101,1.749,8.3558
797,-1.6915,1.883,8.7436
798,-1.883,1.9501,9.4332
799,-1.9309,1.8304,9.9407
800,-1.2989,1.6532,9.7875
801,-0.30766,1.8208,8.8633
802,-0.28371,1.6867,7.5082
803,-1.9501,1.4186,7.6614
804,-3.8271,0.88705,10.458
805,-4.44,-0.44891,14.04
806,-3.4824,-1.5838,15.366
807,-1.6963,-1.9573,13.953
808,-0.79128,-1.7705,11.65
809,-1.0115,-1.1241,9.9503
810,-2.8311,-0.17597,9.9742
811,-5.3307,0.77692,10.76
812,-5.8861,1.0259,10.664
813,-5.3259,0.55186,10.64
814,-4.3203,-0.013168,11.085
815,-3.3052,-0.40103,11.013
816,-2.788,-0.61651,10.587
817,-2.9221,-0.3723,9.7971
818,-2.879,-0.18555,8.2313
819,-2.2709,-0.084994,6.9815
820,-1.5957,-0.1233,6.5936
821,-1.1648,-0.22386,6.541
822,-1.6293,0.005986,7.2736
823,-2.4337,0.34596,7.9631
824,-2.5055,0.47046,7.7955
825,-2.2853,0.70509,7.5322
826,-2.8695,1.0594,7.5322
827,-4.6986,1.2701,7.422
828,-6.7241,1.4234,7.0773
829,-6.9731,1.8208,6.6272
830,-5.5462,2.1703,5.9855
831,-4.1001,2.3284,5.636
832,-3.8319,2.3523,6.019
833,-4.373,2.1464,6.8761
834,-4.5406,1.7059,8.5473
835,-4.5789,0.98761,10.051
836,-4.8327,0.25498,12.115
837,-4.6747,0.039504,14.906
838,-3.9037,0.077812,15.615
839,-3.3148,0.18316,13.819
840,-4.1288,0.62848,12.167
841,-5.843,1.0594,11.363
842,-6.2836,1.069,10.645
843,-5.0961,0.67157,9.9168
844,-3.626,0.43215,9.256
845,-2.7689,0.34117,8.5952
846,-2.405,0.5375,8.0828
847,-2.5726,0.80565,7.8578
848,-2.7354,0.93015,7.3885
849,-2.4337,1.0499,6.9671
850,-2.1416,1.1839,7.173
851,-2.5343,1.4617,7.9631
852,-2.9939,1.725,8.4755
853,-3.0754,1.9022,8.6957
854,-2.6492,2.1129,8.7245
855,-2.156,2.3619,8.4803
856,-1.7873,2.63,8.3606
857,-1.6388,2.8599,8.5042
858,-1.5814,2.9461,9.0788
859,-1.2605,2.5821,9.9455
860,-0.70509,1.8639,10.76
861,-0.2885,1.6963,11.43
862,-0.001197,1.9692,10.807
863,-0.40821,2.3523,8.9926
864,-2.0315,2.1895,9.0357
865,-3.8128,1.069,12.574
866,-4.1767,-0.14724,16.463
867,-2.6252,-1.0044,16.922
868,-0.73861,-0.7027,14.212
869,-1.2462,0.11612,11.028
870,-3.152,1.0786,9.0453
871,-4.5789,1.6197,8.7293
872,-4.2294,1.2797,8.9256
873,-3.1711,0.70988,8.7005
874,-2.563,0.30766,8.6479
875,-2.8168,0.3316,8.6096
876,-3.128,0.43694,8.3127
877,-2.8503,0.57581,7.3694
878,-2.3906,0.55665,6.5601
879,-1.7059,0.42258,6.1244
880,-1.2941,0.52792,5.9089
881,-1.8064,0.77692,6.019
882,-2.745,1.2701,6.6224
883,-3.6356,1.7729,7.5609
884,-3.717,1.9597,7.9583
885,-3.0131,1.9692,7.3215
886,-2.6875,2.1272,6.3829
887,-3.4297,2.4529,6.2345
888,-4.2916,2.6779,6.5649
889,-4.6029,2.7928,7.1347
890,-4.44,2.563,7.9823
891,-4.555,2.132,9.1315
892,-5.4073,1.6628,10.271
893,-6.0298,1.2989,10.898
894,-5.3163,0.79128,10.357
895,-4.4544,0.096965,10.046
896,-4.1144,-0.33399,11.947
897,-3.8607,-0.13288,13.791
898,-4.0905,0.164,12.938
899,-4.6364,0.57581,10.094
900,-5.0482,0.85832,8.9208
901,-5.2493,1.0068,9.1937
902,-5.0147,1.0786,9.5433
903,-4.8614,1.2845,9.4379
904,-5.0434,1.6676,9.074
905,-5.2876,1.8639,8.2169
906,-5.0147,1.8735,7.5753
907,-4.4017,1.6819,7.3741
908,-3.7409,1.5909,7.4029
909,-3.4584,1.6197,7.4747
910,-3.2669,1.5766,7.7812
911,-2.6683,1.4425,8.3175
912,-2.0698,1.1887,8.6048
913,-1.5239,1.0211,7.944
914,-0.75777,1.0115,6.8043
915,-0.56623,1.227,6.9192
916,-1.4234,1.2222,9.4906
917,-1.8352,1.1504,11.679
918,-1.5239,1.251,11.861
919,-0.96845,1.6676,10.745
920,-0.9493,2.3188,10.625
921,-1.998,2.6923,11.372
922,-3.8319,2.2039,12.761
923,-4.4879,1.6436,14.298
924,-4.0857,0.78171,15.227
925,-3.1903,0.13048,15.409
926,-2.9269,0.17837,14.902
927,-3.6547,0.6189,13.23
928,-4.7274,1.093,11.224
929,-5.211,1.1791,10.036
930,-4.8088,0.69073,9.6295
931,-4.3203,0.29329,9.6103
932,-4.44,-0.061052,9.9551
933,-4.6316,-0.17597,10.127
934,-5.1775,0.14006,9.4092
935,-5.2828,0.46088,7.6614
936,-5.1727,0.49919,6.3973
937,-4.9907,0.70509,5.43
938,-4.9333,1.1265,3.9696
939,-4.2677,1.6197,3.2705
940,-3.6069,1.6293,3.371
941,-3.0514,1.5191,3.5961
942,-2.4816,1.5526,3.9217
943,-2.247,1.6771,4.5059
944,-2.721,1.9309,5.1284
945,-2.8695,2.1416,4.5969
946,-2.4337,2.314,3.7397
947,-2.4385,2.381,4.0175
948,-3.4105,2.5582,5.7509
949,-4.3155,2.3571,7.853
950,-4.4065,1.7011,10.348
951,-3.9899,1.2366,13.144
952,-4.3922,0.59496,15.639
953,-4.5933,-0.17119,17.224
954,-4.215,-0.85593,17.588
955,-2.8982,-1.5263,17.181
956,-0.66678,-1.2294,15.505
957,-0.44173,-0.39145,14.035
958,-2.3858,0.52792,13.125
959,-4.2294,1.4042,11.128
960,-5.1344,1.7298,9.2991
961,-4.962,1.002,9.2273
962,-3.3914,0.45131,9.4667
963,-2.4672,0.38427,9.3901
964,-2.1368,0.56623,8.8729
965,-1.567,1.0259,7.5417
966,-0.49919,1.3611,6.6128
967,-0.19752,1.725,7.0246
968,-0.65721,1.8687,8.102
969,-1.0307,1.8735,8.6766
970,-0.35075,1.9118,8.0206
971,0.40103,2.2757,7.5274
972,0.48722,2.7785,7.4603
973,0.25738,2.9987,8.0972
974,0.34357,2.7833,8.3318
975,0.94691,3.1232,8.2217
976,1.2725,3.3243,8.0493
977,0.8272,3.401,8.6048
978,0.58778,3.3914,10.563
979,0.2909,2.8982,12.028
980,0.80804,2.6971,11.899
981,1.1097,2.9652,11.047
982,0.16161,3.2142,9.7396
983,-0.85353,3.1615,8.9543
984,-1.725,2.6252,10.467
985,-0.83917,1.883,12.565
986,0.33399,1.6484,12.886
987,-0.29808,1.8447,11.727
988,-1.6915,2.5726,10.041
989,-2.3379,3.0227,8.9352
990,-2.7976,2.4816,9.5481
991,-2.9844,2.0602,10.726
992,-3.401,2.0746,11.085
993,-2.8168,1.6484,9.2416
994,-1.5574,1.7873,8.1259
995,-1.069,1.883,8.193
996,-0.91099,1.8687,8.3366
997,-1.3467,2.247,8.6479
998,-1.9788,2.5965,8.4563
999,-1.9501,2.812,7.5609
1000,-1.5479,2.8695,7.2832
1001,-1.1265,3.0466,7.7907
1002,-1.1983,3.3339,8.1977
1003,-1.8878,3.3387,8.8729
1004,-2.8264,3.468,9.7157
1005,-3.2334,3.6164,9.2081
1006,-3.4345,4.3682,6.9192
1007,-2.6061,4.9572,5.545
1008,-1.5143,5.0865,5.9664
1009,-1.5143,5.0147,7.8482
1010,-2.6252,4.8758,9.5337
1011,-2.9365,4.5406,9.2129
1012,-2.2087,4.1623,8.2456
1013,-2.1799,3.6691,8.9304
1014,-2.7162,3.4393,11.056
1015,-2.9556,3.4393,12.771
1016,-2.156,3.1424,11.765
1017,-1.2366,3.3148,9.596
1018,-1.5814,3.7122,7.9727
1019,-2.7066,3.7649,7.9535
1020,-3.4201,3.4728,8.6431
1021,-3.3196,3.1089,9.1506
1022,-2.5438,3.0323,9.2656
1023,-1.6293,3.1089,9.0692
1024,-1.0163,3.1424,8.6622
1025,-0.72425,3.2286,8.327
1026,-0.88705,3.2429,8.4611
1027,-1.4138,3.3435,9.0309
1028,-1.6963,3.4441,9.256
1029,-1.7968,3.5303,8.8346
1030,-1.4521,3.5925,8.0589
1031,-0.51356,3.717,7.5082
1032,-0.19752,3.8607,8.0972
1033,-0.86311,3.9851,9.2177
1034,-1.3132,4.1527,9.4954
1035,-1.2031,4.3299,8.7245
1036,-0.88226,4.4161,7.5609
1037,-0.91578,4.3491,7.5226
1038,-0.87748,4.0761,8.3606
1039,-0.56623,3.7409,8.9112
1040,-0.31244,3.8702,9.0644
1041,-0.063446,4.215,8.4276
1042,-0.63327,4.3778,7.5034
1043,-1.6532,4.0091,7.695
1044,-2.6731,2.8551,11.047
1045,-2.5534,1.7011,14.782
1046,-0.79128,1.3515,14.902
1047,-0.33638,1.7921,12.565
1048,-1.4569,2.4864,10.544
1049,-2.4385,2.5821,9.8354
1050,-2.5965,1.8064,10.52
1051,-2.1751,1.0546,11.195
1052,-1.9549,0.75298,11.583
1053,-2.3284,0.75777,11.593
1054,-2.3667,1.318,10.467
1055,-2.2613,1.6867,8.8442
1056,-1.8112,1.8447,8.3462
1057,-1.3755,1.9261,9.0836
1058,-1.7346,2.1703,9.1746
1059,-2.0889,2.5821,8.2169
1060,-2.2709,2.8599,7.6471
1061,-2.247,2.9365,7.8434
1062,-1.8543,2.8838,7.9631
1063,-1.5239,2.9125,7.5657
1064,-1.7059,3.0897,6.9288
1065,-2.1129,3.3004,6.2872
1066,-2.0267,3.3914,5.5929
1067,-1.409,3.4776,5.3582
1068,-1.1456,3.6931,5.6886
1069,-1.9309,3.8271,6.4069
1070,-3.219,3.9325,7.0342
1071,-3.4776,3.6835,6.9911
1072,-3.0945,2.8647,7.5369
1073,-3.3052,2.0363,9.6678
1074,-3.7505,1.5718,13.125
1075,-3.559,1.3467,14.609
1076,-3.2286,1.4234,13.139
1077,-3.6595,1.974,10.86
1078,-4.8758,2.5151,10.137
1079,-5.5988,2.6779,10.333
1080,-4.7752,2.3331,10.195
1081,-2.8838,2.0171,9.1171
1082,-2.4672,2.3667,8.758
1083,-3.0275,3.0275,7.944
1084,-3.8128,3.6117,7.2401
1085,-3.6595,3.6547,7.3023
1086,-3.0275,3.3674,8.1594
1087,-2.9556,3.3196,9.0022
1088,-3.219,3.4872,8.983
1089,-3.2429,3.626,8.3606
1090,-2.879,3.6883,7.8673
1091,-2.5295,3.7026,7.6854
1092,-2.0123,3.626,7.5369
1093,-1.3324,3.4297,7.671
1094,-1.0499,3.4488,8.6143
1095,-1.409,3.6643,9.7444
1096,-1.8447,3.8942,9.845
1097,-1.9597,4.1815,9.2464
1098,-1.8352,4.2725,8.9352
1099,-1.3946,4.1527,9.0214
1100,-1.8016,3.5494,9.3709
1101,-3.1089,2.6875,11.066
1102,-4.9907,1.9357,13.168
1103,-5.7042,1.7059,13.34
1104,-3.1232,1.2079,11.885
1105,-0.2071,0.10654,9.73
1106,0.47764,-0.20949,9.9647
1107,-2.6205,0.51356,11.492
1108,-5.7808,0.98282,11.607
1109,-6.5517,1.3467,11.315
1110,-5.7042,1.2558,11.109
1111,-4.3347,0.84874,10.367
1112,-3.3674,0.57102,9.4954
1113,-2.5343,0.36033,8.2983
1114,-2.0123,0.2071,6.5841
1115,-1.7538,0.30287,5.2098
1116,-1.7059,0.077812,4.3335
1117,-0.87269,-0.80804,3.9073
1118,0.51116,-1.804,4.5777
1119,2.2877,-1.6412,6.8378
1120,1.3587,0.58538,8.6335
1121,-3.5686,3.1472,8.5904
1122,-6.3889,5.1535,8.9016
1123,-7.6195,5.8814,9.2368
1124,-7.1407,5.46,9.6726
1125,-4.4496,4.306,10.956
1126,-2.7833,3.1472,12.191
1127,-1.4808,1.9405,11.923
1128,0.051475,1.4521,12.096
1129,-0.26456,1.2414,12.182
1130,-2.4816,1.1696,11.559
1131,-3.1855,0.7003,12.325
1132,-2.8072,0.48004,14.662
1133,-1.8495,0.24062,14.447
1134,-1.3372,0.57581,11.971
1135,-2.2278,1.0259,9.7252
1136,-3.6691,1.5383,8.3749
1137,-3.7122,1.6436,7.7907
1138,-2.9796,1.658,7.4555
1139,-2.8311,1.7921,7.4603
1140,-2.9173,1.883,7.1635
1141,-2.5055,1.8926,6.3734
1142,-1.6245,1.8447,6.3829
1143,-1.6245,1.998,7.173
1144,-1.7633,2.0937,7.7524
1145,-1.8447,2.0937,8.2552
1146,-1.4856,2.2087,8.4467
1147,-1.5048,2.4241,8.5329
1148,-1.7921,2.5774,8.7436
1149,-1.6724,2.7019,8.9208
1150,-1.3036,2.8695,8.7676
1151,-0.68115,2.9796,8.509
1152,-0.58538,3.1424,8.734
1153,-0.74819,3.1663,9.2225
1154,-0.57581,2.9556,10.056
1155,-0.18316,2.7976,10.41
1156,0.032322,2.7737,10.214
1157,-0.21668,2.8311,9.845
1158,-0.413,2.7928,9.6247
1159,-1.0403,2.4481,9.8833
1160,-2.1272,1.9597,11.176
1161,-2.9939,1.1983,13.666
1162,-2.6252,0.11133,14.997
1163,-1.1791,-0.35793,14.969
1164,-0.13527,-0.51116,13.182
1165,-0.42258,-0.19992,11.123
1166,-1.7825,0.25977,9.4715
1167,-3.1472,0.46567,8.9399
1168,-3.2573,0.068235,10.008
1169,-2.5678,-0.43934,11.104
1170,-1.9309,-0.93254,11.229
1171,-2.3331,-0.72664,10.793
1172,-3.2334,-0.50637,9.3087
1173,-2.6157,-0.67397,6.7995
1174,0.28611,-1.0379,4.7309
1175,3.4273,-0.76016,4.1372
1176,3.2262,-0.061052,5.6216
1177,-0.67157,1.1839,9.1602
1178,-3.4728,2.2374,12.531
1179,-3.875,2.5391,12.287
1180,-2.654,2.654,10.29
1181,-2.6061,2.5295,8.9591
1182,-2.788,2.3427,8.3989
1183,-2.8647,2.1368,8.1163
1184,-2.8407,1.8639,8.102
1185,-2.0937,1.5814,8.5952
1186,-1.2941,1.3803,9.2943
1187,-1.5431,1.4521,9.8162
1188,-2.1751,1.7394,9.7061
1189,-2.9987,1.8064,8.734
1190,-3.061,1.3372,7.9104
1191,-2.4433,0.45131,9.2368
1192,-1.5957,-0.14724,12.014
1193,-1.7825,0.015562,14.423
1194,-3.0323,0.41779,14.164
1195,-2.6348,0.83917,10.549
1196,-2.0123,1.2845,8.1259
1197,-1.8735,1.3659,7.5609
1198,-1.9836,1.4569,8.3749
1199,-2.5199,1.658,9.8497
1200,-3.5446,1.8304,10.669
1201,-3.4441,1.9022,10.18
1202,-2.1416,1.7921,8.9591
1203,-1.2462,1.7729,8.0302
1204,-1.2414,1.9213,7.8769
1205,-1.6436,2.0889,8.4659
1206,-1.8064,2.1512,8.9783
1207,-2.2087,2.3236,8.9016
1208,-1.8495,2.3762,8.7484
1209,-1.1744,2.3858,8.825
1210,-1.1839,2.4529,9.2273
1211,-1.1313,2.6109,9.256
1212,-0.54707,2.812,8.6814
1213,-0.25019,2.9604,8.5425
1214,-0.31244,2.9461,8.825
1215,-0.39864,2.8503,9.4332
1216,-0.10175,2.9365,9.8354
1217,0.74101,2.7114,8.9256
1218,0.91339,2.381,8.5138
1219,0.10894,1.8208,9.3948
1220,-0.90142,1.136,11.751
1221,-1.8447,0.40342,14.36
1222,-1.1504,-0.48722,15.222
1223,0.46807,-0.4537,15.007
1224,-0.32202,-0.14245,14.03
1225,-1.8399,0.38906,11.957
1226,-3.3291,0.73382,10.693
1227,-3.559,0.55665,11.243
1228,-2.5151,-0.25259,11.727
1229,-1.136,-0.89423,11.468
1230,-0.57102,-0.78889,10.874
1231,-1.9692,-0.13767,9.9407
1232,-3.4967,0.64763,8.1882
1233,-3.5638,1.3276,5.9711
1234,-2.4337,1.4521,4.4149
1235,-0.95888,1.2558,3.9313
1236,-0.31244,1.1696,5.1284
1237,-1.093,1.3372,7.4172
1238,-1.883,1.6149,8.3031
1239,-2.0458,1.9357,7.6614
1240,-2.0842,2.3044,7.3981
1241,-2.405,2.5821,7.7045
1242,-3.1472,2.9269,8.1594
1243,-3.7601,3.1472,8.3558
1244,-3.8271,3.4105,8.2983
1245,-3.2142,3.7122,8.2887
1246,-2.8024,3.784,8.3989
1247,-2.6827,3.5446,8.5281
1248,-3.3674,2.7162,9.4092
1249,-4.1049,1.2366,11.669
1250,-3.5015,0.21189,15.821
1251,-2.6492,0.2071,19.034
1252,-3.3914,0.72425,18.244
1253,-4.7992,1.3946,14.595
1254,-5.0913,1.9213,10.295
1255,-4.962,2.1464,6.9815
1256,-4.7034,1.9884,5.6168
1257,-4.2437,1.5191,5.952
1258,-3.8176,1.1456,6.7804
1259,-3.2477,1.0068,7.1587
1260,-1.9213,1.0499,6.6511
1261,-0.72903,1.2845,5.9568
1262,-0.66678,1.7777,5.7988
1263,-1.3515,2.3044,6.5362
1264,-1.9788,2.8216,7.197
1265,-2.3284,3.2334,7.4316
1266,-2.4289,3.4105,7.7668
1267,-2.0411,3.3914,8.3031
1268,-1.3276,3.2765,8.5329
1269,-0.88226,3.4536,9.1554
1270,-1.0307,3.8654,9.7252
1271,-0.97803,4.3251,9.2751
1272,-0.80565,4.5502,9.2033
1273,-0.80086,4.5789,9.5433
1274,-0.47525,4.5885,9.8162
1275,0.00838,4.7369,9.5577
1276,-2.8742,5.843,8.8298
1277,-7.6195,6.432,9.5385
1278,-5.7281,3.6547,13.039
1279,-1.6293,1.5191,17.827
1280,1.2007,0.52313,19.422
1281,3.3555,0.80086,17.109
1282,2.2733,0.79128,14.6
1283,0.21428,0.40821,12.57
1284,-1.6293,-0.003591,11.21
1285,-1.7011,-0.47764,10.937
1286,-1.3515,-1.1145,10.851
1287,-1.0594,-1.2438,9.6822
1288,-0.67157,-1.081,8.6718
1289,-0.88705,-0.72664,7.6279
1290,-1.5766,-0.065841,5.5785
1291,-1.2989,0.30766,3.3998
1292,-0.36512,0.5375,1.9824
1293,0.28611,0.70988,1.6424
1294,-0.97803,1.4856,2.7102
1295,-2.9173,2.2422,4.2377
1296,-3.2717,2.5343,5.6407
1297,-2.8503,2.7306,6.6415
1298,-3.4249,4.3203,5.6743
1299,-6.5853,5.4648,4.3239
1300,-8.5054,5.9436,5.114
1301,-8.0505,5.2301,6.5074
1302,-6.116,4.1144,7.671
1303,-5.5031,3.4058,9.098
1304,-5.9388,2.9125,9.663
1305,-6.3458,2.0842,10.975
1306,-6.7241,1.16,13.302
1307,-6.4799,0.83917,15.079
1308,-5.3882,0.93972,15.246
1309,-3.7601,0.95409,13.513
1310,-3.4441,1.4138,10.961
1311,-4.3539,1.7921,9.6534
1312,-4.7896,1.5909,10.827
1313,-4.0761,1.1983,11.971
1314,-3.6595,1.2366,11.468
1315,-4.0857,1.3707,10.333
1316,-3.4297,1.1408,8.9591
1317,-1.6676,0.83917,7.92
1318,-0.32202,0.9924,7.3167
1319,-0.75298,1.3707,7.0581
1320,-1.5479,1.8687,7.4843
1321,-1.8016,2.156,7.7524
1322,-1.409,2.5869,6.9767
1323,-1.5,3.0323,6.4308
1324,-1.634,3.401,6.9384
1325,-1.4617,3.468,7.7907
1326,-0.80565,3.5542,8.3558
1327,-0.7865,3.6883,8.6431
1328,-1.2127,3.7745,9.4715
1329,-1.816,3.6069,10.783
1330,-1.7585,3.2382,11.449
1331,-0.020351,2.7593,10.999
1332,1.2294,2.4002,9.8833
1333,1.1432,1.4473,9.6582
1334,-0.23104,0.087388,12.948
1335,-0.6189,-1.3156,15.61
1336,0.51595,-2.0865,16.568
1337,1.2629,-2.1488,14.729
1338,0.84156,-1.4305,11.827
1339,-0.47525,-0.7027,9.5864
1340,-2.0363,-0.041899,8.983
1341,-2.6157,-0.10894,8.734
1342,-1.8783,-0.67876,8.9974
1343,-1.4138,-1.1049,9.9311
1344,-1.5143,-1.2965,9.8928
1345,-1.8495,-0.94212,9.3374
1346,-2.563,-0.21907,8.5952
1347,-2.903,0.40821,6.6894
1348,-1.6484,-0.032322,5.1667
1349,2.7713,-2.235,10.343
1350,6.4488,-3.4034,15.462
1351,3.0825,-2.4265,13.25
1352,-4.1863,1.3467,10.08
1353,-7.519,3.9995,8.4132
1354,-6.456,4.7226,7.9823
1355,-5.6515,4.5406,8.4132
1356,-5.9675,4.44,8.9878
1357,-6.6188,4.531,7.9057
1358,-5.7952,4.3203,5.9472
1359,-4.0235,3.8271,4.0749
1360,-2.7928,3.2382,2.6432
1361,-3.0466,2.7545,3.1987
1362,-4.7369,1.7825,5.4205
1363,-5.8622,0.54229,8.9304
1364,-5.2014,-0.23822,12.086
1365,-4.3634,-0.25259,13.637
1366,-4.0809,0.662,12.761
1367,-4.1575,1.5239,10.252
1368,-4.4927,2.1895,7.8913
1369,-4.3251,2.1608,7.1204
1370,-3.5781,1.7585,7.6998
1371,-3.0227,1.4712,8.1547
1372,-3.1472,1.4952,8.2648
1373,-3.31,1.658,7.8769
1374,-3.4584,1.7011,7.3694
1375,-2.9844,1.4138,8.3797
1376,-1.2462,0.93015,9.1028
1377,0.2478,0.64763,9.8019
1378,1.1001,0.83917,10.664
1379,1.1911,1.3946,11.023
1380,0.21907,2.0937,11.08
1381,-0.65242,2.2374,10.831
1382,-0.25498,1.9884,10.592
1383,-0.18316,1.8064,12.096
1384,-0.85353,1.8016,13.091
1385,-1.5335,2.1272,12.895
1386,-2.223,2.496,12.081
1387,-2.3906,2.5965,10.386
1388,-2.065,2.5486,9.481
1389,-2.0985,2.247,9.8066
1390,-2.0315,1.7107,10.482
1391,-1.3946,1.5287,10.942
1392,-0.83438,1.6101,9.9216
1393,-0.9493,1.7154,8.3701
1394,-1.3755,1.4712,7.9392
1395,-1.9597,0.59017,9.3565
1396,-2.156,-0.27174,11.966
1397,-1.7059,-0.84635,13.666
1398,-1.4617,-0.4537,13.283
1399,-3.9325,1.3898,10.712
1400,-6.7528,3.3243,8.3653
1401,-5.7138,3.5063,6.8426
1402,-4.464,2.472,3.9887
1403,-4.2533,1.1983,4.7597
1404,-5.2637,-0.6213,12.206
1405,-5.4696,-1.6747,19.154
1406,-3.9468,-2.5367,18.474
1407,-2.0363,-2.1344,12.871
1408,-1.5957,-1.1959,8.4659
1409,-2.132,-0.056264,5.4157
1410,-3.2669,1.2989,3.8834
1411,-4.4784,2.3475,4.2186
1412,-4.0474,2.5678,4.9704
1413,-2.9317,2.3571,4.7693
1414,-2.4864,2.2422,4.5011
1415,-3.0945,2.3092,5.0278
1416,-3.7362,2.0171,6.1148
1417,-3.4919,1.5095,6.3542
1418,-2.1033,1.2175,5.5258
1419,-1.4473,1.634,5.4348
1420,-2.1656,2.132,6.359
1421,-3.8367,2.4385,7.422
1422,-4.3347,1.8926,8.6048
1423,-3.1184,0.7434,12.033
1424,-2.7833,0.45131,16.314
1425,-4.0187,0.95409,17.511
1426,-4.9428,1.8543,14.916
1427,-4.8231,2.4146,9.9838
1428,-4.5454,2.5055,6.517
1429,-4.4305,2.1847,7.2736
1430,-4.2389,1.2653,9.347
1431,-3.0466,0.55186,10.204
1432,-1.883,0.51834,10.065
1433,-1.8304,0.65721,9.7396
1434,-2.1608,0.83438,9.8593
1435,-1.9836,0.88226,9.6726
1436,-1.5862,1.0546,9.2703
1437,-1.7777,1.2845,9.4332
1438,-2.5151,1.6436,9.5912
1439,-3.1137,2.0219,9.5098
1440,-2.8742,2.0937,8.8777
1441,-2.2134,2.0602,8.351
1442,-1.6963,2.1368,8.4228
1443,-1.8878,2.4768,9.4379
1444,-2.9078,3.0035,10.539
1445,-3.5686,3.4201,10.233
1446,-2.6157,3.3435,8.9447
1447,-0.52313,3.1232,9.3901
1448,0.42976,1.9118,12.057
1449,0.42018,1.385,14.48
1450,0.27653,1.2318,13.455
1451,-0.68594,1.0259,11.382
1452,-1.7633,0.32202,11.99
1453,-1.5191,-0.54947,14.001
1454,-0.97324,-0.65003,14.36
1455,-1.2414,0.32681,11.463
1456,-3.2429,2.1081,8.4324
1457,-3.9133,2.654,6.7708
1458,-3.8559,2.1129,6.6655
1459,-2.4481,1.0115,7.0868
1460,-1.2462,0.39864,7.2113
1461,-1.2941,0.068235,9.4523
1462,-2.496,-0.31963,12.177
1463,-2.1033,-0.68354,11.511
1464,-1.069,-0.68354,9.1698
1465,0.00838,-0.44412,8.5186
1466,0.32441,0.10175,9.7875
1467,-0.74819,0.88226,10.511
1468,-1.4281,1.8687,8.8394
1469,-1.3755,2.6205,6.4452
1470,-0.61411,3.3052,4.5346
1471,0.21428,3.7122,4.3431
1472,0.099359,3.9085,5.4253
1473,-0.24541,4.2341,5.9807
1474,-0.62848,4.6699,6.3159
1475,-1.069,4.7752,6.4883
1476,-1.093,4.4065,6.5457
1477,-0.75298,3.9468,7.0773
1478,-0.0826,3.219,7.2496
1479,-0.44173,2.563,9.3948
1480,-1.5574,1.5766,12.297
1481,-2.2182,0.41779,14.131
1482,-1.6484,-0.23344,14.887
1483,-0.93494,-0.00838,14.906
1484,-1.1791,0.7003,13.077
1485,-2.0411,1.6245,10.994
1486,-2.5726,2.132,10.238
1487,-3.5686,2.2996,10.056
1488,-3.8271,2.1703,9.232
1489,-2.9413,2.0602,8.4563
1490,-2.3331,2.1895,8.4132
1491,-2.3906,2.4624,9.2273
1492,-2.1272,2.6444,9.3374
1493,-1.3228,2.5678,8.8059
1494,-0.69552,2.4193,9.2703
1495,-0.87269,2.5295,10.242
1496,-1.4473,2.7258,10.673
1497,-1.8112,2.8599,10.041
1498,-2.0842,3.0466,8.6479
1499,-1.7346,3.1424,7.9392
1500,-0.87269,3.152,8.7053
1501,-0.43215,3.1903,9.4523
1502,-0.48004,3.3148,9.4954
1503,-0.51834,3.3004,9.4763
1504,-0.063446,3.2525,9.3278
1505,0.013168,3.4584,9.4858
1506,-0.55665,3.5255,9.5193
1507,-0.70509,3.5542,9.5193
1508,-0.37469,3.5925,9.4571
1509,-0.57102,3.6164,9.2273
1510,-1.3994,3.2669,9.1746
1511,-2.2757,2.721,10.874
1512,-1.7633,2.0411,12.201
1513,-0.18795,1.9884,11.243
1514,0.44412,2.2948,9.2656
1515,-0.13048,3.0801,7.9344
1516,-1.5431,3.6883,7.92
1517,-2.6683,3.7792,8.1499
1518,-2.8311,3.4967,9.0405
1519,-2.3762,3.0897,9.8881
1520,-1.883,3.0658,9.7013
1521,-1.8783,3.3339,9.2225
1522,-1.4281,3.6883,8.5377
1523,-0.54229,3.6452,7.944
1524,-0.72903,3.7457,7.9823
1525,-1.4329,3.9229,8.0397
1526,-1.4042,4.1384,7.2113
1527,-1.4329,4.3491,6.8761
1528,-1.6915,4.5502,7.6279
1529,-1.6963,4.397,8.6766
1530,-1.2558,4.2389,9.2703
1531,-1.0594,4.4161,8.4084
1532,-1.2797,4.8279,7.1874
1533,-1.8974,5.2253,6.6224
1534,-1.7585,5.3882,6.6463
1535,-1.3419,5.2828,7.5369
1536,-1.5814,5.0865,9.1746
1537,-2.1225,4.9524,10.199
1538,-2.0219,4.9668,9.1746
1539,-1.7202,4.9668,7.2401
1540,-1.8208,4.7178,6.7995
1541,-2.4529,4.1575,9.0166
1542,-2.9556,3.468,11.942
1543,-2.9844,3.0418,13.259
1544,-1.9788,3.2765,11.277
1545,-1.4664,3.5255,8.7484
1546,-1.8543,3.9229,7.8003
1547,-2.9556,3.9804,8.0254
1548,-3.7074,3.8846,8.6383
1549,-3.6787,3.6691,8.3941
1550,-2.8838,3.6978,7.4555
1551,-2.4385,3.8367,7.1156
1552,-1.9501,3.9373,7.5657
1553,-1.8783,4.0666,8.2791
1554,-2.2039,4.2772,8.6526
1555,-2.5055,4.5837,8.1499
1556,-2.3523,4.8854,7.1012
1557,-2.2565,5.1439,6.3494
1558,-2.0698,5.1775,6.6128
1559,-1.6532,4.9763,7.604
1560,-1.0642,4.9763,8.4515
1561,-0.75298,5.2732,8.2887
1562,-0.73861,5.6515,7.0581
1563,-0.84874,5.8766,5.3439
1564,-0.36033,5.8047,5.4971
1565,0.31005,5.1487,7.7093
1566,0.95648,4.2006,10.587
1567,2.0865,3.7649,12.435
1568,3.0203,3.6164,11.358
1569,3.0394,3.3531,10.065
1570,1.2486,2.7497,11.411
1571,-0.96845,1.9788,13.939
1572,-1.3659,1.4281,15.558
1573,0.00838,1.998,14.849
1574,-0.37469,2.8695,12.464
1575,-1.4281,3.7362,10.53
1576,-1.9261,3.8702,8.9495
1577,-1.7825,2.9987,8.2361
1578,-1.002,1.9405,8.3989
1579,-0.18316,1.2031,8.7245
1580,0.17119,0.86311,9.0405
1581,0.34357,0.95409,8.4611
1582,0.42976,1.3228,6.8618
1583,0.53032,1.5718,5.1667
1584,0.75537,1.725,3.8307
1585,0.86072,1.9788,3.4668
1586,0.53989,2.1895,4.5011
1587,0.28132,2.0985,6.6224
1588,0.099359,1.907,8.1068
1589,0.070629,1.5048,8.1882
1590,1.1145,1.1839,7.0342
1591,1.6652,1.1887,6.7325
1592,1.0139,1.136,7.2832
1593,1.6316,-0.017957,8.4324
1594,2.8096,-1.7992,9.6917
1595,2.9197,-3.7385,8.3797
1596,1.3539,-4.0354,4.367
1597,-7.2508,-0.47286,2.7054
1598,-13.442,3.7792,2.9544
1599,-9.8701,4.0666,3.2465
1600,-6.93,0.98761,4.8554
1601,-7.8877,-0.63087,8.2025
1602,-8.6921,-2.1009,10.084
1603,-8.4001,-2.5941,10.491
1604,-8.3905,-3.547,10.582
1605,-7.27,-5.2756,11.937
1606,-5.1104,-6.1423,14.466
1607,-4.555,-5.2325,15.289
1608,-6.3171,-3.5614,13.192
1609,-7.27,-2.642,11.061
1610,-6.6714,-3.0634,11.775
1611,-4.9189,-4.8255,14.753
1612,-2.2805,-5.3905,16.127
1613,-1.8783,-4.2461,13.901
1614,-3.6931,-2.9437,10.884
1615,-4.5837,-2.2637,10.367
1616,-4.4448,-2.2158,11.372
1617,-4.5119,-2.4936,11.847
1618,-4.4209,-2.642,11.296
1619,-4.1288,-2.6228,10.482
1620,-3.9899,-2.6947,10.309
1621,-4.0666,-2.9102,10.894
1622,-4.3347,-3.2789,10.994
1623,-4.3586,-3.8247,10.022
1624,-4.5023,-4.2318,8.6479
1625,-5.3211,-4.6244,9.1506
1626,-6.3458,-4.7585,12.335
1627,-6.365,-4.9692,14.935
1628,-6.0011,-5.1799,15.481
1629,-5.4983,-5.108,13.278
1630,-5.7138,-4.6867,9.8402
1631,-6.5661,-4.2461,7.8578
1632,-7.0401,-3.5087,7.5705
1633,-7.0018,-2.5462,8.1259
1634,-6.6714,-1.8471,8.6479
1635,-6.4943,-1.7178,8.7293
1636,-6.839,-1.895,8.7005
1637,-6.4416,-2.3739,8.2025
1638,-5.6994,-2.7378,8.2408
1639,-4.4927,-3.1352,8.0637
1640,-3.4105,-3.5853,7.8721
1641,-2.8982,-3.8391,9.3853
1642,-1.8639,-4.0594,8.3653
1643,-1.1265,-3.5422,6.7708
1644,-1.7107,-2.7473,6.5218
1645,-3.0562,-1.7514,6.6463
1646,-4.2389,-0.63087,7.0677
1647,-4.622,-0.35793,6.9097
1648,-3.1137,-0.59257,6.1723
1649,-1.725,-0.84156,6.6367
1650,-1.9166,-0.6213,7.9488
1651,-3.286,0.05387,8.2313
1652,-4.057,0.88705,7.2544
1653,-3.3531,1.409,6.1483
1654,-2.9078,1.6676,5.928
1655,-3.6547,1.658,6.9719
1656,-3.5877,1.6005,7.4555
1657,-1.5622,1.6149,8.1977
1658,-0.91099,1.2605,11.43
1659,-2.0315,0.7434,13.781
1660,-3.0035,0.52313,13.896
1661,-3.5398,0.39864,12.531
1662,-3.7936,0.36512,10.453
1663,-4.3922,0.68115,9.3661
1664,-5.2828,0.93015,8.9974
1665,-5.4312,1.0355,8.9352
1666,-4.1815,0.92057,8.9447
1667,-3.0514,0.662,8.4803
1668,-2.2087,0.7003,7.6327
1669,-1.9453,0.85353,7.1635
1670,-1.9309,1.1313,7.5082
1671,-2.1177,1.6436,8.4611
1672,-2.0937,2.0219,8.7101
1673,-1.9309,2.381,8.667
1674,-1.8735,2.5774,8.8777
1675,-1.5239,2.4768,9.6869
1676,-0.62848,2.1608,10.97
1677,0.58299,2.156,10.879
1678,0.83198,2.5917,9.9695
1679,0.35793,2.9748,9.4667
1680,0.003591,2.9748,10.338
1681,0.40582,2.472,11.262
1682,1.7131,2.0602,10.29
1683,2.1536,2.2948,8.6766
1684,0.57341,2.4433,7.6471
1685,-1.476,1.8639,9.4379
1686,-1.8591,0.64763,13.159
1687,-0.13048,-0.92775,15.203
1688,2.1249,-1.2534,13.427
1689,1.9237,-0.42976,10.022
1690,-0.65721,0.84874,8.6143
1691,-3.5973,1.5909,9.4188
1692,-4.0091,0.85832,11.042
1693,-1.4664,-0.30047,12.421
1694,-1.002,-0.40582,12.866
1695,-2.745,-0.070629,11.76
1696,-4.306,1.0499,10.228
1697,-4.2437,1.5814,8.3366
1698,-2.745,1.3994,5.9376
1699,-1.3467,1.3084,3.9648
1700,-0.8248,1.5383,3.6583
1701,-1.3707,1.9836,5.4396
1702,-2.2134,2.2278,7.7716
1703,-2.0746,2.1512,8.4563
1704,-1.3755,1.9549,7.6423
1705,-1.4042,2.0889,7.0294
1706,-2.1895,2.5055,6.8091
1707,-3.1615,3.0993,6.1818
1708,-3.3387,3.4058,5.5641
1709,-2.5486,2.9461,5.2816
1710,-1.7202,1.9453,5.1044
1711,-1.3946,1.6005,4.1132
1712,-1.2605,0.68594,3.6488
1713,-0.78171,-1.6939,7.4699
1714,0.013168,-4.1599,14.945
1715,1.1097,-4.543,20.078
1716,0.60214,-3.456,18.675
1717,0.003591,-1.8423,12.124
1718,-0.72903,-1.081,7.6088
1719,-1.1169,-1.3683,6.9719
1720,-1.1791,-1.895,9.5433
1721,-2.7545,-1.7945,13.312
1722,-3.7122,-2.1344,14.131
1723,-2.7066,-1.8423,11.914
1724,-1.6532,-1.9429,10.309
1725,-0.43215,-2.1249,10.084
1726,-0.039504,-2.1823,10.884
1727,-0.68115,-2.1584,11.401
1728,-1.1744,-2.0243,10.889
1729,-1.5957,-1.9908,10.113
1730,-1.4808,-1.7035,8.9591
1731,-1.7394,-1.3731,8.9639
1732,-2.3762,-1.1863,11.095
1733,-1.3803,-1.1289,11.186
1734,-0.18316,-0.99,10.06
1735,-0.78171,-0.50158,8.983
1736,-1.8016,0.16879,7.7764
1737,-1.998,0.29808,8.2839
1738,-1.4042,-0.19992,9.5433
1739,-0.47525,-0.99479,9.7971
1740,-0.18316,-1.1576,9.7779
1741,-0.662,-1.3396,9.6774
1742,-1.7346,-1.3539,9.5289
1743,-3.1903,-1.7035,9.3661
1744,-2.6396,-3.0347,11.119
1745,0.003591,-4.227,14.212
1746,1.1432,-4.0402,15.323
1747,-1.0068,-2.7665,12.938
1748,-3.7984,-1.2869,9.414
1749,-5.187,-0.60214,7.6519
1750,-4.1767,-1.3012,8.4994
1751,-2.5103,-2.0291,10.223
1752,-2.0506,-2.1679,11.1
1753,-2.3619,-1.6173,11.473
1754,-2.7785,-1.0379,10.147
1755,-2.314,-0.54947,7.6184
1756,-1.6867,-0.22386,5.6982
1757,-1.8447,0.063446,4.8507
1758,-2.4241,0.18316,5.6838
1759,-2.6348,-0.041899,7.7237
1760,-2.2948,-0.33878,9.232
1761,-1.6628,-0.47286,9.2416
1762,-1.5622,-0.31963,7.9583
1763,-2.2948,-0.15682,6.3398
1764,-3.2573,-0.53032,6.541
1765,-3.2717,-1.1097,9.0692
1766,-3.0275,-1.8854,10.822
1767,-3.2765,-2.6516,10.927
1768,-3.8798,-3.4081,11.143
1769,-3.6404,-4.361,12.852
1770,-2.314,-4.4233,15.27
1771,-2.0554,-3.729,15.73
1772,-3.6883,-2.6659,14.006
1773,-3.9037,-1.6843,11.444
1774,-2.7258,-1.0906,10.951
1775,-1.476,-0.60693,10.851
1776,-1.0211,-0.10415,8.9304
1777,-1.385,0.51356,7.1347
1778,-1.725,1.0882,6.5697
1779,-1.725,1.0068,6.9528
1780,-1.8016,0.72425,8.0732
1781,-1.7346,0.76255,8.8107
1782,-1.8783,0.84396,8.3366
1783,-1.7681,1.0594,7.9775
1784,-1.6101,1.227,8.4803
1785,-1.2079,1.2797,8.8873
1786,-1.3324,1.3994,9.4044
1787,-1.9261,1.5766,9.7109
1788,-1.9022,1.6484,8.8969
1789,-1.5526,1.6819,8.2361
1790,-1.2558,1.6436,8.6
1791,-0.95409,1.6532,9.2512
1792,-0.42258,1.7346,9.7157
1793,-0.058658,1.9836,9.6199
1794,0.022745,2.3284,8.9639
1795,-0.2071,2.563,8.4324
1796,-0.39385,2.654,8.5952
1797,-0.90621,2.4098,9.5864
1798,-1.7633,2.0267,11.009
1799,-2.3331,1.5287,11.756
1800,-2.4337,0.4944,12.531
1801,-2.6013,-0.70749,14.231
1802,-2.0794,-1.3587,15.361
1803,-0.46088,-1.4353,14.906
1804,0.25259,-1.0762,12.967
1805,-0.7865,-0.31005,11.056
1806,-2.472,0.34117,9.596
1807,-3.1999,0.51356,8.9304
1808,-2.6348,0.0826,8.9878
1809,-1.816,-0.5351,8.9878
1810,-1.2462,-0.66439,9.165
1811,-1.8112,-0.41539,9.2033
1812,-2.4529,0.087388,8.7005
1813,-2.2374,0.33638,7.6758
1814,-1.476,0.35554,6.8187
1815,-0.82959,0.413,6.3925
1816,-0.88705,0.67636,6.6319
1817,-1.4712,0.98282,7.5609
1818,-1.8352,1.1935,8.0014
1819,-1.6724,1.251,8.1211
1820,-1.5814,1.3036,8.193
1821,-2.1464,1.5383,8.1786
1822,-2.6348,1.7154,8.2408
1823,-2.6205,1.7873,9.0309
1824,-2.7545,1.9118,9.6391
1825,-3.0035,2.1895,9.6582
1826,-3.1807,2.3284,9.4571
1827,-2.8982,2.4098,8.4563
1828,-3.0179,2.4576,7.92
1829,-3.6931,2.381,8.6957
1830,-4.6076,1.998,10.238
1831,-4.713,1.4329,11.832
1832,-3.4776,0.94451,13.336
1833,-1.9261,0.98761,12.957
1834,-1.9932,1.4521,10.592
1835,-3.3435,2.1416,8.6096
1836,-4.8183,2.5247,8.2456
1837,-5.2828,2.3619,8.5425
1838,-4.5454,1.8878,8.7149
1839,-3.7984,1.6628,8.7101
1840,-3.4919,1.5718,9.1794
1841,-2.7928,1.4377,9.5529
1842,-1.998,1.1696,8.9256
1843,-2.1895,1.1313,8.442
1844,-3.0227,1.2366,8.8777
1845,-3.4105,1.3132,9.8066
1846,-3.5015,1.3419,10.716
1847,-2.6492,1.2414,12.11
1848,-2.2853,1.6484,12.866
1849,-2.1943,2.3188,8.6335
1850,-1.883,3.2142,3.7493
1851,-2.0363,4.0618,3.644
1852,-2.5582,4.4927,6.5314
1853,-2.5726,4.1336,9.1794
1854,-1.9644,3.4441,10.942
1855,-1.9884,3.0227,11.214
1856,-2.0794,2.8742,9.323
1857,-1.8735,3.219,7.604
1858,-1.8256,3.4297,7.1539
1859,-2.1703,3.3627,7.8051
1860,-3.2477,2.812,9.4284
1861,-4.7274,2.1608,12.201
1862,-5.0769,1.3707,13.848
1863,-3.4919,1.0499,12.79
1864,-1.9166,1.1839,10.846
1865,-2.0171,1.567,9.2751
1866,-2.9317,1.8735,8.916
1867,-3.8223,1.7298,9.6486
1868,-3.5829,1.476,9.323
1869,-3.3962,1.2127,8.5425
1870,-3.6787,1.3036,8.193
1871,-3.9612,1.4377,8.3366
1872,-4.0522,1.1217,9.1889
1873,-2.97,0.6189,10.616
1874,-1.6676,0.11133,11.21
1875,-1.0882,-0.065841,10.314
1876,-1.8256,0.59496,8.3318
1877,-2.9269,1.3803,6.5936
1878,-2.6348,1.7394,6.3159
1879,-2.0842,1.6771,7.0485
1880,-2.381,1.6005,8.2504
1881,-3.0801,1.7873,9.1411
1882,-3.3483,1.8974,8.7053
1883,-2.8311,2.0937,7.6184
1884,-2.4002,2.4481,6.7612
1885,-2.5343,2.9125,6.4404
1886,-3.1903,3.0658,7.0581
1887,-3.5063,2.8072,8.2408
1888,-3.9181,2.1943,9.73
1889,-4.4544,1.2127,11.866
1890,-4.2198,0.55665,15.194
1891,-3.2142,0.3316,16.3
1892,-2.6635,0.91099,12.809
1893,-3.9181,1.7059,9.3326
1894,-4.6699,2.4146,7.7668
1895,-4.4831,2.3188,7.3837
1896,-3.9085,1.9118,7.6279
1897,-3.8367,1.725,8.0493
1898,-4.2341,1.8495,8.3653
1899,-4.0378,1.9788,8.4755
1900,-3.0514,1.9884,8.3462
1901,-2.1799,1.998,7.9248
1902,-2.1895,2.2182,7.5944
1903,-2.7162,2.4576,8.2408
1904,-2.9556,2.6779,8.9974
1905,-2.745,2.721,8.8969
1906,-2.1416,2.7114,8.6383
1907,-1.9453,2.7593,8.9208
1908,-1.8926,2.9509,9.2129
1909,-1.567,3.1472,8.825
1910,-1.1265,3.3196,8.8394
1911,-0.7434,3.2956,9.2703
1912,-0.24541,3.1615,9.7683
1913,0.28132,3.1184,10.376
1914,0.57341,3.31,10.338
1915,0.41539,3.5159,9.6917
1916,-0.36512,3.3627,9.1267
1917,-1.7202,2.3715,10.271
1918,-2.1895,1.1504,13.302
1919,-1.1408,0.087388,15.438
1920,0.76495,-0.24301,14.15
1921,1.1576,0.077812,11.803
1922,-0.67157,0.81523,10.353
1923,-2.5199,1.002,10.314
1924,-2.6923,0.67636,10.558
1925,-2.6252,0.29329,10.415
1926,-2.6348,0.36512,10.405
1927,-3.2573,0.68594,10.348
1928,-3.5733,0.95888,9.414
1929,-3.0466,1.1073,7.7045
1930,-2.0602,1.0546,6.3782
1931,-1.4281,1.0882,6.019
1932,-1.8783,1.2558,6.7038
1933,-2.63,1.5766,7.7141
1934,-2.6205,1.8304,7.5657
1935,-1.9692,1.974,6.6272
1936,-1.7154,2.1847,6.2106
1937,-2.2182,2.472,6.7564
1938,-2.6252,2.6444,7.3502
1939,-2.9078,2.6779,7.9631
1940,-3.2717,2.7833,8.3989
1941,-3.6547,2.9748,8.7819
1942,-4.1863,2.7689,9.2608
1943,-4.3012,2.3284,9.8019
1944,-4.033,1.8543,10.453
1945,-3.9037,1.4186,11.076
1946,-4.1192,1.2366,12.665
1947,-4.4784,1.3803,14.327
1948,-4.2677,1.7202,12.991
1949,-3.7314,2.1177,9.8545
1950,-3.7888,2.4146,7.9152
1951,-4.6124,2.6923,7.6279
1952,-5.4265,2.5295,8.6239
1953,-5.3211,2.065,9.1698
1954,-4.6124,1.6101,8.9208
1955,-3.8942,1.6724,8.1451
1956,-3.5398,1.7633,7.4029
1957,-2.6588,1.8735,7.3502
1958,-2.0171,1.9644,7.4412
1959,-2.0219,2.1368,7.7668
1960,-2.472,2.3523,8.2983
1961,-2.788,2.6109,8.6526
1962,-2.6013,2.7928,8.193
1963,-2.2853,2.9509,7.8769
1964,-2.1129,3.061,8.3318
1965,-1.8304,3.1855,9.2129
1966,-1.4808,3.31,9.2799
1967,-1.0546,3.5063,8.9495
1968,-0.93494,3.626,8.9783
1969,-0.65242,3.5877,9.5385
1970,0.10415,3.4105,10.008
1971,0.4968,3.1999,10.52
1972,-0.058658,3.286,10.434
1973,-1.409,3.31,9.9168
1974,-2.8359,2.4816,11.349
1975,-2.6252,1.0355,14.269
1976,-1.3419,-0.13767,15.672
1977,0.48243,-0.49201,14.466
1978,0.48243,0.020351,11.88
1979,-1.1121,1.002,9.481
1980,-3.1855,2.0315,8.1594
1981,-3.6547,2.223,7.7716
1982,-2.879,1.5048,8.1594
1983,-2.1416,0.58538,9.3901
1984,-1.7442,0.12091,10.951
1985,-2.2709,0.12091,11.602
1986,-2.8934,0.48961,10.616
1987,-2.8838,0.90142,8.3653
1988,-1.9788,0.93015,6.699
1989,-0.76255,0.90142,6.3494
1990,-0.57102,1.093,7.173
1991,-1.4856,1.4952,8.1163
1992,-2.2757,1.907,8.4563
1993,-2.3331,2.1416,8.3606
1994,-1.5574,2.1991,7.4508
1995,-1.9166,2.5774,7.1826
1996,-2.9125,2.9796,7.6423
1997,-3.7649,3.2525,8.0924
1998,-4.306,3.4536,8.4611
1999,-4.0522,3.4441,8.2313
2000,-3.3818,2.9939,7.6279
2001,-3.0323,2.5055,8.6
2002,-3.2956,2.1416,10.08
2003,-3.875,1.567,11.267
2004,-3.9516,1.1504,13.197
2005,-3.5733,0.98761,14.408
2006,-3.2334,1.2941,12.876
2007,-3.2094,1.8926,9.7157
2008,-3.7266,2.563,6.9815
2009,-4.1767,2.9556,5.7652
2010,-4.3251,2.6013,6.5745
2011,-4.4688,1.9309,8.5042
2012,-4.3682,1.3036,9.8976
2013,-3.8319,0.8679,10.223
2014,-3.1424,0.81523,10.07
2015,-2.7402,1.1169,9.1411
2016,-2.5774,1.5048,8.1642
2017,-2.5917,1.8495,7.9679
2018,-2.9413,2.2087,8.3175
2019,-3.4201,2.563,8.5425
2020,-3.4967,2.7785,8.4324
2021,-2.9748,2.8072,8.078
2022,-2.2901,2.7593,8.3606
2023,-1.8064,2.8455,8.9399
2024,-1.5814,3.061,9.1219
2025,-1.5814,3.3196,9.1889
2026,-1.5383,3.5255,9.2943
2027,-1.1169,3.5111,9.1075
2028,-0.3699,3.2908,8.9304
2029,0.1233,3.0514,9.7396
2030,0.10415,3.0323,10.673
2031,0.17597,3.1232,10.314
2032,0.070629,3.0562,9.4284
2033,-0.15921,2.6109,9.596
2034,-0.60454,1.7825,11.214
2035,-0.87269,1.0211,12.756
2036,-1.1791,0.59496,13.977
2037,-1.1648,0.83438,13.283
2038,-1.4521,1.3515,11.286
2039,-2.3906,2.1416,9.6582
2040,-2.8695,2.3667,8.7053
2041,-3.0083,1.8543,9.3996
2042,-3.1568,1.1265,10.975
2043,-2.3475,0.35075,11.291
2044,-1.8926,0.29808,10.76
2045,-2.8934,0.64763,9.8306
2046,-3.3722,0.9493,8.6574
2047,-2.7497,0.93972,7.5322
2048,-1.7873,0.67157,6.7181
2049,-0.9924,0.38427,6.6894
2050,-0.96367,0.35554,7.6423
2051,-1.5143,0.42736,8.3701
2052,-2.1225,0.71946,8.6957
2053,-2.2374,1.1217,8.6096
2054,-2.5438,1.3467,8.5234
2055,-3.1999,1.4521,8.7101
2056,-3.2765,1.5574,8.6239
2057,-2.9365,1.6771,8.327
2058,-3.1184,1.9022,8.8059
2059,-4.148,2.2422,9.5577
2060,-4.7321,2.4002,9.0884
2061,-3.8032,1.9932,8.0732
2062,-3.1903,1.2462,8.4515
2063,-3.6883,0.63806,10.645
2064,-3.8415,0.33638,13.379
2065,-3.2573,0.40342,14.633
2066,-2.97,0.8248,12.364
2067,-3.8894,1.4425,9.4475
2068,-5.4265,2.1081,8.2744
2069,-6.7481,2.3762,8.1977
2070,-6.8199,2.314,8.2456
2071,-5.4791,1.9884,7.8721
2072,-4.2437,1.7729,8.0924
2073,-3.6308,1.7059,8.8538
2074,-3.1855,1.6388,8.6239
2075,-2.8407,1.6053,7.7237
2076,-2.812,1.7202,7.6423
2077,-2.8024,1.8399,7.9966
2078,-2.745,1.9453,8.1451
2079,-2.5726,2.0267,8.5281
2080,-2.3188,2.132,9.1506
2081,-2.0315,2.2901,9.1411
2082,-1.907,2.6013,8.3893
2083,-1.7011,2.8599,7.6471
2084,-1.1504,2.9987,7.7381
2085,-0.67636,2.9317,8.9208
2086,-0.51834,2.9221,10.396
2087,-0.83438,3.1568,10.817
2088,-1.2893,3.7026,9.5624
2089,-1.6388,4.0905,7.5657
2090,-2.0698,3.7026,7.5705
2091,-2.563,2.5343,10.625
2092,-2.7114,1.3707,14.375
2093,-1.9213,0.46567,16.333
2094,-0.98761,0.53271,15.443
2095,-0.82001,1.0259,12.119
2096,-2.2613,1.8208,9.663
2097,-3.5255,2.1608,9.5098
2098,-3.8319,1.7298,10.477
2099,-3.5781,1.1408,10.98
2100,-3.2238,0.68115,10.898
2101,-2.8695,0.59975,10.07
2102,-3.061,0.81523,8.9399
2103,-2.9796,1.093,7.4077
2104,-2.3044,1.251,5.8227
2105,-1.385,1.0977,5.2433
2106,-0.97803,1.0594,5.952
2107,-1.6388,1.3084,7.1491
2108,-2.8886,1.7729,7.9871
2109,-3.2334,2.0171,8.1116
2110,-2.7641,2.0219,7.6088
2111,-2.3044,2.0458,7.0054
2112,-2.6971,2.2709,7.0485
2113,-3.4249,2.4912,8.0589
2114,-4.1671,2.8503,8.7532
2115,-4.2581,2.9413,8.5569
2116,-3.6164,2.8934,8.0637
2117,-3.3387,2.7114,7.7955
2118,-3.5303,2.3762,8.5617
2119,-3.8511,1.9549,9.6151
2120,-4.1288,1.3467,10.74
2121,-3.6164,0.81044,12.718
2122,-3.0466,0.70988,14.523
2123,-2.9078,1.2222,13.537
2124,-3.2669,2.0267,10.487
2125,-4.215,2.7497,8.1116
2126,-5.211,3.0706,7.513
2127,-5.4935,2.7593,7.9104
2128,-4.8279,2.1368,8.4515
2129,-4.0905,1.8447,8.7293
2130,-3.6452,1.658,9.0309
2131,-2.788,1.3898,9.2847
2132,-2.1033,1.2558,8.9304
2133,-2.2374,1.3755,8.3845
2134,-3.2621,1.7633,8.4707
2135,-3.8511,2.0123,8.8633
2136,-3.4967,1.9788,8.9783
2137,-2.5151,1.8639,8.9352
2138,-2.0937,2.1416,8.758
2139,-1.9405,2.9939,8.2121
2140,-1.883,3.468,7.4029
2141,-1.5479,3.7792,6.9336
2142,-1.1073,4.0043,6.8618
2143,-0.81523,4.0713,7.288
2144,-0.88705,3.8798,7.9727
2145,-1.3228,3.5638,8.825
2146,-1.4904,3.1137,9.6822
2147,-1.0786,2.7162,9.9982
2148,-1.2462,2.6157,10.223
2149,-1.998,2.721,10.702
2150,-2.8359,2.7402,11.301
2151,-4.0857,2.6396,11.598
2152,-5.053,2.2661,11.205
2153,-4.6747,1.634,10.616
2154,-3.5398,0.77692,10.783
2155,-2.3571,0.18316,11.851
2156,-1.8447,-0.017957,11.981
2157,-2.5007,0.005986,11.368
2158,-3.65,0.13048,11.262
2159,-4.0905,0.10175,11.176
2160,-3.9277,-0.017957,10.898
2161,-3.6739,-0.03711,10.951
2162,-3.4584,0.16879,10.678
2163,-3.3052,0.3699,10.022
2164,-2.9892,0.43694,9.0022
2165,-2.4481,0.413,8.2073
2166,-2.2661,0.57102,8.0445
2167,-2.7258,0.87748,8.0972
2168,-3.1615,1.2318,8.2217
2169,-2.8886,1.4617,8.0589
2170,-2.065,1.567,7.6567
2171,-1.1265,1.7011,7.3741
2172,-0.48961,2.0123,7.4986
2173,-1.0738,2.5917,8.2887
2174,-1.8495,3.1663,8.3701
2175,-2.3523,3.7074,7.7812
2176,-1.8926,3.6978,7.7141
2177,-1.1217,3.3148,8.4898
2178,-0.31244,3.2142,9.1075
2179,-0.63327,3.6069,8.9543
2180,-1.1504,3.8607,8.0828
2181,-1.1839,3.9181,7.9871
2182,-1.0451,3.7936,8.3989
2183,-1.1887,3.4776,9.098
2184,-1.6963,3.377,10.022
2185,-2.4385,3.2382,10.127
2186,-2.132,3.0275,9.0166
2187,-1.6724,2.9078,8.26
2188,-2.5007,2.8695,8.6048
2189,-3.7601,2.6731,9.1698
2190,-4.282,2.223,9.4284
2191,-3.9947,1.5095,10.175
2192,-4.0474,0.98282,11.243
2193,-3.9181,0.72903,11.54
2194,-4.0474,0.80086,10.879
2195,-4.6938,1.2893,9.8545
2196,-5.3451,1.7442,8.9208
2197,-5.527,2.0219,8.7867
2198,-5.3738,2.0219,9.347
2199,-4.7657,1.8495,9.5672
2200,-3.9756,1.7059,8.8346
2201,-3.3291,1.6963,8.1547
2202,-2.8072,1.7633,7.9057
2203,-2.7545,1.8974,7.9152
2204,-3.0801,2.0698,8.2408
2205,-3.2813,2.2326,8.4372
2206,-3.3579,2.3379,8.26
2207,-3.4776,2.3331,8.3127
2208,-3.377,2.3858,8.5425
2209,-3.2669,2.314,8.6479
2210,-3.1184,2.3044,8.8777
2211,-2.903,2.3236,8.849
2212,-2.496,2.4193,8.4659
2213,-2.4433,2.6635,8.193
2214,-2.7114,2.9173,8.1211
2215,-2.5438,3.037,8.0254
2216,-2.0698,3.0131,7.853
2217,-1.725,3.0418,7.9727
2218,-1.4521,2.9796,8.2696
2219,-1.0068,2.8982,8.9399
2220,-0.82959,2.7641,10.185
2221,-0.88226,2.6683,11.09
2222,-0.81044,2.6061,11.229
2223,-0.7434,2.6971,10.458
2224,-1.0068,2.654,9.0261
2225,-2.4337,2.0363,9.9407
2226,-2.9892,1.1456,13.987
2227,-2.4816,0.15443,16.391
2228,-1.409,-0.5351,15.328
2229,-1.136,-0.2478,12.699
2230,-1.7968,0.31723,9.845
2231,-2.4098,1.093,7.8386
2232,-3.0323,1.6724,7.2209
2233,-3.3052,1.6436,8.2408
2234,-3.5207,1.1887,9.7348
2235,-3.8607,0.87269,10.63
2236,-4.1144,0.64284,10.645
2237,-3.8894,0.71946,9.7588
2238,-3.3914,0.74819,8.5138
2239,-2.9556,0.92057,7.6998
2240,-2.5582,1.1265,7.5705
2241,-2.472,1.3228,7.5082
2242,-2.2087,1.6388,6.8043
2243,-2.0075,1.9166,6.3973
2244,-2.3906,2.2374,7.5082
2245,-3.0131,2.5055,8.7771
2246,-3.219,2.7306,8.825
2247,-3.0897,2.9365,7.7955
2248,-2.9892,3.1568,7.0198
2249,-3.4584,3.3387,7.4795
2250,-3.626,3.2142,8.1977
2251,-3.3866,2.9796,8.6096
2252,-3.0658,2.7497,8.4228
2253,-3.4488,2.4337,9.0692
2254,-4.5454,1.9836,11.056
2255,-4.9859,1.4281,12.45
2256,-5.0194,1.0211,11.832
2257,-4.8231,0.93972,11.861
2258,-4.7226,1.1169,12.723
2259,-4.4353,1.5335,11.152
2260,-4.0187,1.9692,7.8913
2261,-3.9421,2.4816,5.9855
2262,-4.2677,2.6635,5.7174
2263,-4.5167,2.2948,6.948
2264,-4.1144,1.8016,8.442
2265,-3.9756,1.6724,8.9974
2266,-4.1336,1.9166,8.8873
2267,-3.8176,2.1368,8.7245
2268,-2.9556,2.0937,8.2935
2269,-2.5055,2.0458,8.0254
2270,-2.9317,2.2709,8.5425
2271,-3.401,2.5007,9.0309
2272,-3.5398,2.6731,9.2751
2273,-3.5494,2.8599,8.9974
2274,-3.3818,2.8311,8.4515
2275,-2.5678,2.6492,8.011
2276,-2.2039,2.6348,8.4132
2277,-2.132,2.8934,8.6814
2278,-1.9932,3.3148,8.0445
2279,-2.0363,3.7792,7.5178
2280,-1.5431,3.899,7.5944
2281,-0.79128,3.4201,8.1068
2282,-0.073023,2.8359,9.7205
2283,-0.034716,2.8599,11.368
2284,-0.30287,3.5973,10.142
2285,-0.95888,4.0426,7.9918
2286,-2.0889,3.4632,8.1116
2287,-3.3818,1.8208,12.306
2288,-3.401,0.22625,16.731
2289,-1.5287,-0.73622,16.654
2290,0.30047,-0.25738,13.312
2291,-0.91578,1.0834,10.123
2292,-3.4536,2.247,8.1355
2293,-4.9428,2.8742,7.6567
2294,-4.0666,2.2565,8.2313
2295,-3.2429,1.3132,9.1506
2296,-3.6164,0.82959,10.831
2297,-4.2916,0.70988,12.115
2298,-3.7745,0.67636,11.281
2299,-2.6396,0.8248,8.8585
2300,-1.7777,1.0499,6.9384
2301,-1.4808,1.318,6.5218
2302,-2.1608,1.5239,7.6184
2303,-2.4576,1.6963,8.2361
2304,-2.1703,1.998,7.695
2305,-2.0458,2.0363,7.3981
2306,-2.0363,2.0602,8.2696
2307,-2.5007,2.3523,8.8585
2308,-2.9987,2.7593,7.7572
2309,-3.3243,3.1663,6.6128
2310,-3.2094,3.2669,6.6128
2311,-2.2948,2.9652,7.3071
2312,-1.8735,2.8311,7.6662
2313,-2.8742,3.0179,8.3222
2314,-4.1144,2.9844,8.8825
2315,-4.5406,2.6923,9.663
2316,-3.7122,2.0458,9.7971
2317,-3.5015,1.6963,9.596
2318,-4.2772,1.5,10.918
2319,-4.2533,1.5526,12.507
2320,-3.7936,1.5,12.119
2321,-3.6404,1.6867,10.625
2322,-4.0761,2.0315,9.8258
2323,-4.5837,2.1895,9.1267
2324,-4.373,2.2039,8.2744
2325,-4.0666,2.1129,7.9966
2326,-3.899,1.9884,9.3134
2327,-3.5159,1.998,10.257
2328,-3.1615,2.0746,9.4523
2329,-2.9461,2.2517,8.2935
2330,-2.745,2.4002,7.58
2331,-2.3762,2.3667,7.3981
2332,-2.1033,2.3762,8.1116
2333,-2.4672,2.4912,9.1554
2334,-2.5151,2.5295,9.8593
2335,-2.4672,2.6779,9.7683
2336,-2.3379,2.8695,8.6239
2337,-1.9597,3.1711,7.2832
2338,-1.9884,3.5063,6.5362
2339,-1.9261,3.5686,7.4508
2340,-1.4808,3.4967,9.3565
2341,-1.5814,3.6164,10.099
2342,-1.7825,3.8846,9.2703
2343,-1.227,4.0953,8.1977
2344,-0.46567,4.1623,7.6758
2345,-0.14006,3.9804,8.2983
2346,-0.34596,3.5686,9.4858
2347,-0.40821,2.8886,10.199
2348,-1.6628,2.0075,11.665
2349,-3.0658,1.1456,14.811
2350,-3.0945,0.3699,15.936
2351,-1.9357,0.48483,13.719
2352,-1.5526,1.2222,10.242
2353,-2.8503,2.1177,7.9966
2354,-4.0235,2.1129,9.2943
2355,-3.9085,1.2079,11.669
2356,-3.0418,0.25498,11.358
2357,-1.8926,-0.065841,10.108
2358,-2.223,0.46088,9.6965
2359,-3.6595,1.409,8.6431
2360,-4.1336,1.9884,7.0198
2361,-3.1041,1.9405,7.2449
2362,-2.405,1.816,9.0214
2363,-2.6157,1.9644,9.0836
2364,-2.9844,2.5199,7.2257
2365,-3.1615,2.9796,5.7461
2366,-2.8599,2.9125,7.0102
2367,-2.1703,2.3188,9.1985
2368,-1.4856,1.8687,10.257
2369,-1.5239,2.0363,9.73
2370,-2.065,2.6635,7.9727
2371,-2.8551,3.2621,6.5601
2372,-2.6444,3.3339,6.7516
2373,-2.6061,3.4919,7.2161
2374,-2.3284,3.1424,6.4931
2375,-2.1847,2.8216,6.3686
2376,-3.0945,3.0993,7.264
2377,-3.9612,3.0945,7.513
2378,-3.6404,2.6109,7.5034
2379,-3.9612,2.1608,7.8913
2380,-4.5214,1.634,8.4515
2381,-4.8758,1.1744,10.463
2382,-5.3738,1.0068,13.771
2383,-5.7377,1.5,15.625
2384,-5.4552,2.2422,13.824
2385,-4.9668,3.1137,9.4523
2386,-4.9428,3.6691,6.1962
2387,-5.3307,4.0043,5.5976
2388,-6.0394,3.7409,5.9903
2389,-5.867,2.8742,7.0677
2390,-4.9668,2.2517,7.9871
2391,-4.1575,2.0123,8.5281
2392,-3.2717,1.816,8.7197
2393,-2.1703,1.725,8.7867
2394,-1.8543,1.7968,9.0501
2395,-3.4201,2.7402,8.2504
2396,-4.0953,2.7641,8.3845
2397,-4.531,3.1184,8.0158
2398,-3.9612,2.9269,8.1834
2399,-3.152,2.7785,8.3127
2400,-2.8168,2.8168,8.2073
2401,-2.8647,3.0801,8.1259
2402,-2.5295,3.1376,7.8195
2403,-1.9932,3.1232,8.3318
2404,-1.7873,3.1903,9.3661
2405,-1.4234,3.1184,10.008
2406,-1.0738,3.2477,10.151
2407,-1.251,3.6547,8.9926
2408,-1.8064,4.1288,8.011
2409,-1.6053,4.0618,8.7676
2410,-1.5335,3.2142,10.3
2411,-2.6348,2.065,12.857
2412,-3.808,1.318,16.333
2413,-3.8894,0.83917,17.186
2414,-2.7689,0.9924,14.193
2415,-2.1129,1.6101,10.74
2416,-2.1751,2.3571,8.3701
2417,-3.0945,2.7689,7.9871
2418,-3.9708,2.4481,9.1267
2419,-4.5693,1.7298,11.066
2420,-4.6603,1.1073,12.057
2421,-4.4736,0.7003,11.301
2422,-4.1671,0.70509,9.8019
2423,-3.4297,0.65242,8.4276
2424,-2.2134,0.51356,7.7381
2425,-1.5574,0.64284,7.2592
2426,-1.7298,1.0642,6.5601
2427,-2.132,1.4904,6.043
2428,-2.2757,1.8926,6.2153
2429,-2.2709,2.3762,6.3782
2430,-2.4768,2.8359,6.2728
2431,-2.7019,3.1903,6.675
2432,-3.0754,3.3866,7.355
2433,-3.3866,3.5877,7.7859
2434,-3.2717,3.8894,7.1347
2435,-3.1041,3.9612,6.3686
2436,-3.2238,3.9133,6.7038
2437,-3.2956,3.6308,8.1834
2438,-3.1328,3.4488,9.1842
2439,-3.4201,3.5925,8.6335
2440,-3.401,3.7745,7.5753
2441,-3.401,3.8128,6.9719
2442,-3.7984,3.4967,7.0198
2443,-3.875,3.0945,8.1451
2444,-3.7936,2.9796,8.5186
2445,-4.4784,2.3475,7.4412
2446,-4.5119,1.4521,9.1794
2447,-3.7888,0.95409,12.689
2448,-3.2477,0.80086,13.685
2449,-3.3531,1.3372,12.388
2450,-4.6507,2.3092,10.549
2451,-5.8191,2.8838,9.4284
2452,-5.6467,2.6971,9.1411
2453,-5.211,2.1656,9.5624
2454,-5.1487,1.8735,10.027
2455,-4.9141,1.7202,10.065
2456,-3.9756,1.5526,9.4858
2457,-2.9892,1.4712,8.3318
2458,-2.472,1.3994,8.0445
2459,-2.6348,1.3467,8.9208
2460,-3.0323,1.3515,10.285
2461,-3.2908,1.3994,10.788
2462,-3.6595,1.5479,10.563
2463,-4.0139,1.8735,9.7061
2464,-4.1623,2.1416,8.5377
2465,-3.9181,2.4002,8.2073
2466,-3.8463,2.4912,8.5569
2467,-3.6069,2.4146,9.165
2468,-3.4584,2.4385,9.2464
2469,-3.5303,2.6061,8.7676
2470,-3.4824,2.788,7.9727
2471,-2.9987,2.9317,6.9528
2472,-2.6205,3.0418,6.8139
2473,-2.7833,3.1807,7.8769
2474,-2.9125,3.2525,8.8873
2475,-2.7402,3.2765,8.7915
2476,-2.5534,3.3627,8.1307
2477,-2.4385,3.5015,7.6279
2478,-2.5247,3.7649,7.604
2479,-2.5917,3.9037,7.6806
2480,-2.3858,3.9277,7.944
2481,-2.0267,3.8559,8.1403
2482,-1.7538,3.7697,8.0972
2483,-1.8926,3.8223,8.1403
2484,-2.0889,3.875,7.8913
2485,-2.1177,3.8894,7.6136
2486,-2.1368,3.8463,7.5944
2487,-2.2948,3.7936,7.762
2488,-2.4337,3.7026,8.1594
2489,-2.247,3.7218,8.6431
2490,-2.0315,3.9947,7.8817
2491,-2.6588,4.191,6.8331
2492,-3.5638,3.7122,7.6423
2493,-4.1527,2.5534,10.199
2494,-4.0666,1.4281,13.001
2495,-2.8599,0.57102,13.537
2496,-1.9118,0.48483,12.795
2497,-2.6205,1.2941,11.363
2498,-3.6117,2.1033,9.3182
2499,-3.9804,2.7497,8.3414
2500,-3.8607,2.4816,8.8202
2501,-3.875,1.8016,10.218
2502,-3.8846,1.2318,11.578
2503,-3.5781,0.98761,11.712
2504,-2.9844,1.0403,10.894
2505,-2.5199,1.318,9.6391
2506,-2.4624,1.567,8.5569
2507,-2.3954,1.5143,8.758
2508,-2.247,1.2031,9.7779
2509,-2.1991,1.0307,10.592
2510,-2.8647,1.2462,10.898
2511,-3.4345,1.7394,9.5289
2512,-3.784,2.2613,7.7381
2513,-3.3674,2.3044,7.3358
2514,-2.4241,2.0794,8.2839
2515,-2.4241,2.0937,9.3518
2516,-2.9125,2.2901,9.3901
2517,-2.9939,2.6252,8.6622
2518,-2.5534,2.7402,7.671
2519,-2.0842,2.6444,7.58
2520,-1.749,2.6348,8.0397
2521,-1.6963,2.6971,8.691
2522,-1.6053,2.812,9.2512
2523,-1.2893,2.9078,9.3996
2524,-0.93494,2.903,9.1219
2525,-0.81044,2.9509,8.8442
2526,-1.5766,3.3291,8.7628
2527,-2.2901,3.7409,8.5665
2528,-2.2278,3.9564,7.9966
2529,-1.907,3.9851,7.4555
2530,-1.725,3.7266,7.2832
2531,-1.7298,3.3914,7.8673
2532,-2.4193,3.3243,9.2464
2533,-2.9987,3.286,9.3901
2534,-2.8599,3.286,8.5042
2535,-2.6013,3.2765,8.2839
2536,-2.7928,2.9221,8.5425
2537,-3.3914,2.2853,9.9838
2538,-3.626,1.5383,12
2539,-3.7792,1.0307,12.828
2540,-4.2389,1.3084,12.383
2541,-4.8854,1.8687,10.865
2542,-4.8662,2.065,10.185
2543,-4.9333,2.0123,10.132
2544,-5.5031,2.065,10.209
2545,-5.7329,2.1799,9.6295
2546,-5.6755,2.2134,8.9256
2547,-4.7226,1.8926,8.4707
2548,-3.5063,1.4808,8.2025
2549,-2.6109,1.2414,8.1355
2550,-2.6205,1.3563,8.8155
2551,-3.3291,1.7346,9.3326
2552,-3.9516,2.2087,8.5234
2553,-3.8942,2.496,7.3071
2554,-3.4536,2.5438,6.7516
2555,-3.3435,2.5774,6.9097
2556,-3.7314,2.6252,7.7381
2557,-3.8128,2.63,8.7628
2558,-3.5542,2.563,9.0692
2559,-3.1663,2.6492,8.4372
2560,-2.6444,2.7928,7.2161
2561,-2.6157,2.7641,6.1339
2562,-2.2805,3.0706,7.1204
2563,-2.6588,3.0993,8.2073
2564,-2.6348,3.3435,9.0405
2565,-1.7825,3.4824,8.5952
2566,-1.4042,3.7409,8.4515
2567,-1.8256,3.7745,8.9256
2568,-2.2948,3.5303,9.6869
2569,-2.405,3.3196,10.094
2570,-2.2709,3.1041,10.056
2571,-2.065,3.31,9.6582
2572,-2.1368,3.5973,9.1506
2573,-2.3523,3.401,9.5193
2574,-2.2661,2.745,9.9503
2575,-2.4193,1.8591,10.87
2576,-2.9125,1.2031,13.269
2577,-2.6157,1.1217,13.968
2578,-1.998,1.4234,11.77
2579,-2.1177,1.8447,9.8545
2580,-2.9892,2.0937,9.4332
2581,-4.2006,1.8591,10.463
2582,-4.1192,1.0307,11.885
2583,-3.8654,0.12091,11.665
2584,-3.6069,-0.070629,11.32
2585,-2.63,-0.15203,10.094
2586,-0.95888,0.22625,8.0876
2587,-0.36033,0.83438,6.3925
2588,-1.0977,2.1129,5.4348
2589,-2.0363,2.7258,5.454
2590,-2.1368,2.7162,6.6942
2591,-1.7442,2.4002,8.4228
2592,-1.476,2.2422,9.6486
2593,-1.2941,2.0746,10.07
2594,-1.8783,2.2996,10.276
2595,-2.6061,2.5247,10.013
2596,-2.4576,2.4816,9.4667
2597,-1.5814,2.4193,9.1363
2598,-1.0403,2.4241,9.0261
2599,-1.1648,2.6588,9.2225
2600,-2.0889,3.2334,9.0836
2601,-2.4098,3.4393,8.4084
2602,-2.0698,3.4919,8.0206
2603,-1.4808,3.3483,7.8003
2604,-1.6676,3.4249,8.5042
2605,-2.9796,3.5015,11.473
2606,-4.4544,3.8367,12.589
2607,-5.2158,5.2876,10.013
2608,-4.1623,5.5749,10.238
2609,-1.3659,4.0139,17.277
2610,-1.6819,2.6923,22.472
2611,-3.2717,2.6205,20.197
2612,-3.5111,3.4728,13.901
2613,-2.8934,3.9373,8.9256
2614,-2.9269,4.3395,6.7947
2615,-4.0761,4.8806,7.2353
2616,-4.4017,5.2972,9.3518
2617,-4.9141,5.7042,10.736
2618,-5.4312,6.5757,10.07
2619,-5.12,6.9348,7.3454
2620,-4.3778,6.7385,4.5394
2621,-3.4153,6.7576,4.3622
2622,-3.3674,7.2652,5.8035
2623,-3.1568,6.7289,6.5553
2624,-2.6588,6.4799,5.612
2625,-2.2565,6.4608,4.3766
2626,-2.7737,6.7959,3.8451
2627,-3.6787,6.9779,5.1092
2628,-4.7848,7.1742,7.1251
2629,-4.6364,6.6714,6.2297
2630,-1.5143,5.7856,3.2513
2631,-0.46567,5.2684,0.13407
2632,-0.4944,5.1918,-2.9544
2633,1.1097,5.0386,-4.6687
2634,1.9429,4.7465,-3.7014
2635,2.2829,5.0194,-2.4181
2636,2.1392,5.4025,-2.7054
2637,2.144,5.9484,-4.5107
2638,2.0291,6.4943,-4.6687
2639,2.2158,6.5948,-3.0933
2640,2.6276,7.1838,-2.1452
2641,2.0004,7.8877,-2.5139
2642,1.7945,8.6874,-3.9935
2643,2.144,9.1806,-4.956
2644,1.5119,9.5588,-4.9943
2645,0.56862,10.066,-3.1173
2646,1.1001,10.105,-1.0822
2647,1.3491,10.521,-0.86191
2648,0.38188,11.292,-2.4517
2649,-1.6676,11.709,-1.7047
2650,-1.7154,11.101,2.557
2651,0.20949,9.7791,5.7126
2652,0.48243,9.3146,5.3965
2653,-1.5143,10.138,2.5522
2654,-3.9612,11.053,-0.45969
2655,-2.9748,10.617,-0.11492
2656,-1.0594,9.8414,0.34476
2657,0.63087,9.0417,-0.19632
2658,0.48722,9.3338,-1.561
2659,-0.27414,8.9747,-2.6719
2660,-0.45131,8.9124,0.067038
2661,-0.47046,8.5964,3.7493
2662,-1.0786,9.6738,3.4716
2663,-2.6013,10.449,-0.53151
2664,-1.1504,9.9419,-2.3272
2665,1.0283,9.4344,-0.69911
2666,2.6755,8.2899,0.63686
2667,2.9676,8.0984,0.8667
2668,1.3156,8.8741,0.27294
2669,0.14245,9.7887,-0.90022
2670,0.54947,9.7169,-0.76136
2671,1.1576,9.6546,0.45011
2672,-0.05387,10.622,1.2833
2673,-1.0882,11.268,-0.67995
2674,-0.49919,10.445,-2.7294
2675,-0.17358,9.5876,-0.89543
2676,0.33399,9.147,1.0726
2677,0.2909,9.1614,0.21069
2678,0.45849,9.1231,-1.3551
2679,0.81283,8.8166,-1.1636
2680,1.4018,8.6299,1.5036
2681,2.0004,8.8741,2.4325
2682,1.2438,9.7456,-0.56503
2683,-0.99718,10.703,-4.4436
2684,-0.94451,10.493,-2.6576
2685,-2.4146,11.311,0.20111
2686,-3.626,11.259,-2.1644
2687,-2.8695,10.167,-3.869
2688,-3.4536,9.7073,-1.3599
2689,-3.8942,9.7743,3.5338
2690,-4.1719,10.095,6.541
2691,-4.2054,10.138,4.9033
2692,-2.9604,9.7695,0.85712
2693,-1.0068,8.0457,-0.85712
2694,0.7027,7.0928,0.9098
2695,-0.80086,6.7624,1.4796
2696,-2.5199,6.1878,0.2059
2697,-4.6507,6.6523,-1.8627
2698,-3.9421,6.3267,-5.023
2699,-1.4138,5.12,-4.6112
2700,-1.385,5.0482,-3.9935
2701,-1.9549,4.7321,-4.0749
2702,-1.136,3.9277,-3.5386
2703,-0.81044,3.4105,-2.3511
2704,-1.8974,3.5063,-1.0582
2705,-2.5295,3.5781,-0.48363
2706,-2.6157,3.1759,1.3168
2707,-2.3954,3.0658,4.525
2708,-1.6819,3.0706,5.4109
2709,-1.634,2.8503,5.6168
2710,-2.3284,2.9652,7.4412
2711,-3.3531,4.5933,10.783
2712,-5.4265,6.5613,10.779
2713,-6.8726,7.5334,8.849
2714,-5.5701,6.6236,7.1539
2715,-2.4337,5.278,9.5816
2716,-2.2661,5.4696,15.505
2717,-4.9141,6.4368,20.03
2718,-5.6515,7.4855,20.547
2719,-2.2948,7.3705,16.889
2720,-0.36512,6.1399,13.044
2721,-0.32202,4.9045,10.333
2722,-1.8112,2.8359,13.058
2723,-3.808,2.3092,18.905
2724,-5.8622,2.2805,20.863
2725,-6.3458,1.883,17.693
2726,-4.5023,1.9309,13.278
2727,-3.7122,1.6963,10.75
2728,-3.1041,1.1935,9.9264
2729,-2.7306,0.50877,9.8641
2730,-1.567,-0.85114,10.664
2731,-1.0594,-1.1767,12.139
2732,-2.2182,-0.79847,12.68
2733,-3.6883,-0.36751,11.344
2734,-4.2341,0.27414,7.8913
2735,-3.4058,0.662,5.1332
2736,-1.9309,0.8679,4.525
2737,-0.93494,0.83438,5.4253
2738,-0.662,1.2462,7.1682
2739,-0.98282,1.7059,8.0397
2740,-0.89184,2.1991,7.4747
2741,-1.0163,2.7066,7.2113
2742,-1.5622,3.401,7.2832
2743,-2.1081,3.9181,7.513
2744,-2.4768,4.3251,8.3606
2745,-2.8264,4.6843,8.9112
2746,-2.7306,5.0482,8.3941
2747,-2.1656,5.3738,7.3598
2748,-1.6867,5.2876,6.9384
2749,-0.95888,4.7226,7.2209
2750,0.31484,4.1049,7.9631
2751,0.42976,3.6452,9.3757
2752,-0.39385,3.7314,10.041
2753,-0.4944,3.8367,9.0309
2754,-0.25498,3.8176,7.7955
2755,-0.64284,3.8846,7.9104
2756,-1.9357,4.5358,8.442
2757,-3.626,4.6268,8.2935
2758,-4.2581,3.4249,9.1506
2759,-2.2661,1.7154,13.446
2760,0.18555,-0.046687,18.21
2761,0.3723,-1.2103,20.279
2762,-0.63806,-1.0953,19.508
2763,-0.85353,-0.91339,12.684
2764,-0.44173,-0.10894,5.928
2765,0.2478,1.1169,2.6432
2766,0.27174,1.5287,3.3232
2767,-0.058658,1.2941,5.77
2768,-0.31723,0.90621,7.7285
2769,-0.43215,0.54707,8.169
2770,0.15682,0.72425,8.3701
2771,0.81283,1.2175,8.3222
2772,0.65481,1.8304,7.9631
2773,0.6213,2.3188,7.5178
2774,0.2478,2.6109,7.5465
2775,-0.84396,3.3243,8.7532
2776,-1.8687,3.8559,10.266
2777,-1.5287,3.7888,10.151
2778,-0.40821,4.0139,9.1554
2779,0.041899,4.5933,7.7476
2780,0.11373,4.78,7.1204
2781,0.1233,4.8279,8.6766
2782,0.080206,4.373,10.051
2783,0.56383,4.2725,10.036
2784,0.83677,4.2198,9.6247
2785,1.0379,3.8223,8.983
2786,1.1959,3.6069,8.576
2787,1.1863,3.1759,8.5808
2788,1.5215,2.6061,9.2895
2789,1.5933,2.5055,11.224
2790,1.172,3.0083,12.057
2791,0.60693,4.0282,10.554
2792,0.63087,4.8806,7.6854
2793,0.2478,5.0578,6.8331
2794,0.00838,4.306,8.758
2795,-0.10175,3.1472,10.98
2796,-0.40821,2.3427,12.819
2797,-0.20231,2.0889,13.709
2798,-0.11133,2.3523,12.761
2799,-0.62848,2.6588,10.472
2800,-1.0882,2.903,9.3518
2801,-1.7298,2.4912,9.8593
2802,-1.8878,1.8447,10.386
2803,-1.6149,1.6676,10.439
2804,-1.6819,1.9884,10.08
2805,-2.1416,2.4193,9.821
2806,-1.5622,2.3954,9.3278
2807,-0.67636,2.2613,8.1499
2808,-0.005986,2.2853,7.2353
2809,-0.48004,2.7114,7.9918
2810,-1.8447,3.3291,9.3518
2811,-2.2661,3.6787,9.6869
2812,-1.4234,3.6452,9.0118
2813,-0.41779,3.3914,7.829
2814,0.31484,3.1951,7.3023
2815,0.065841,3.4536,7.5705
2816,-0.93494,3.9851,7.7812
2817,-1.5287,4.5933,7.9296
2818,-0.72903,4.555,8.1642
2819,0.003591,4.3012,8.4898
2820,0.003591,4.2964,8.2361
2821,-0.9493,4.3922,8.0876
2822,-1.5143,4.4544,8.327
2823,-0.99718,4.3203,8.6622
2824,-1.0546,4.4161,8.9783
2825,-2.0794,4.4544,9.0357
2826,-2.5343,4.3203,8.8394
2827,-2.3284,3.8559,8.6718
2828,-1.7107,3.6404,7.9775
2829,-2.0219,3.3196,7.1778
2830,-2.7641,2.8455,8.3893
2831,-2.6731,1.9501,10.951
2832,-2.247,1.227,12.368
2833,-1.9884,1.16,11.301
2834,-2.4481,1.7107,9.8545
2835,-3.5255,2.2613,9.8162
2836,-4.0474,2.5774,9.414
2837,-3.808,2.5678,9.1171
2838,-3.6691,2.3858,9.6199
2839,-3.7266,2.0219,10.089
2840,-3.0466,1.6197,9.8162
2841,-2.1129,1.385,9.5146
2842,-1.5431,1.2701,9.4332
2843,-1.5814,1.3898,10.032
2844,-2.1464,1.7011,10.338
2845,-2.2278,2.0411,9.6726
2846,-1.9357,2.4241,8.4707
2847,-1.9644,2.879,8.1451
2848,-2.5486,3.2142,8.8442
2849,-2.8934,3.2669,10.008
2850,-2.3379,2.9939,10.52
2851,-1.5335,2.8359,10.104
2852,-1.4521,2.8982,9.7492
2853,-1.9309,3.0993,9.8019
2854,-2.0123,3.0706,9.5912
2855,-1.5526,2.8311,9.414
2856,-0.92057,2.6396,9.232
2857,-0.69552,2.721,9.1842
2858,-0.91578,2.9221,8.9304
2859,-1.0259,3.0993,8.5234
2860,-0.72425,3.0754,8.3558
2861,-0.30287,3.0849,8.3701
2862,-0.47046,3.2908,8.6622
2863,-0.91578,3.5494,8.6574
2864,-1.4234,3.7792,8.4851
2865,-1.725,3.7936,8.5904
2866,-1.2845,3.4824,8.011
2867,-0.58059,3.0131,8.0254
2868,-0.23104,2.7641,8.2983
2869,-0.27892,2.7928,8.0349
2870,-0.59496,3.0131,7.7428
2871,-1.2031,3.1663,7.2018
2872,-1.6915,2.788,6.8522
2873,-1.1791,2.0411,7.5753
2874,-0.19273,1.4856,8.6526
2875,-0.034716,1.4042,9.0644
2876,-0.65721,1.4569,9.6822
2877,-1.4856,1.3276,10.803
2878,-1.7011,0.90621,12.048
2879,-1.2605,0.48004,12.646
2880,-0.46567,0.49919,12
2881,-0.30287,0.63806,11.847
2882,-1.1313,1.002,12.704
2883,-2.2326,1.4234,13.115
2884,-2.5486,1.5526,12.44
2885,-1.6484,1.6388,10.4
2886,-1.4569,1.6724,9.6438
2887,-1.8256,1.409,10.649
2888,-1.6915,0.90142,11.784
2889,-1.0642,0.73382,11.516
2890,-0.67636,0.88226,9.8737
2891,-0.95888,1.4569,8.5808
2892,-0.93972,1.7921,8.0589
2893,-1.2414,1.7585,8.3414
2894,-1.318,1.5814,8.6287
2895,-1.1696,1.6053,8.8059
2896,-1.1217,1.7633,9.1889
2897,-1.9213,2.0746,9.6103
2898,-1.998,2.1225,8.8873
2899,-1.002,1.8399,7.7524
2900,-0.11133,1.5622,8.0493
2901,-0.25498,1.5287,9.8593
2902,-0.93972,1.5526,11.435
2903,-1.1696,1.6963,11.693
2904,-1.1456,1.9118,10.166
2905,-0.93972,2.1608,8.2456
2906,-1.6245,2.5534,8.0349
2907,-2.6013,2.6588,9.232
2908,-2.8407,2.3954,10.448
2909,-2.1656,1.9549,10.822
2910,-1.2031,1.5143,10.405
2911,-0.75777,1.476,9.9934
2912,-0.95888,1.7298,9.0453
2913,-1.4664,2.2039,8.1547
2914,-1.8974,2.3188,8.5329
2915,-1.8926,2.0937,9.8066
2916,-1.3515,1.725,10.367
2917,-0.62369,1.5239,9.481
2918,-0.3316,1.5143,8.6431
2919,-0.52792,1.8208,9.0788
2920,-1.8016,2.3715,9.8976
2921,-2.879,2.7833,10.18
2922,-2.6396,2.8264,10.511
2923,-1.8064,2.4624,10.817
2924,-1.2893,2.2278,10.434
2925,-1.1217,2.0746,9.7875
2926,-1.8447,2.2374,10.017
2927,-2.3044,2.1081,9.9982
2928,-1.749,1.9166,9.4523
2929,-1.3803,1.6532,8.983
2930,-0.83917,1.5287,8.8825
2931,-0.7003,1.3898,8.5952
2932,-0.92057,1.3994,8.0206
2933,-1.0068,1.4186,7.7189
2934,-0.94451,1.2701,8.0685
2935,-0.79128,1.1313,8.6431
2936,-0.96845,1.2079,9.3565
2937,-1.3707,1.5335,9.6007
2938,-1.3707,1.6532,9.7588
2939,-1.0977,1.3563,10.41
2940,-0.43215,1.0163,11.693
2941,-0.17358,1.0546,12.483
2942,-0.84396,1.6053,12.009
2943,-1.385,2.1416,10.367
2944,-1.2414,2.4385,9.3326
2945,-0.7434,2.3523,9.0309
2946,-0.001197,2.1272,9.074
2947,0.28132,2.2996,9.6247
2948,-0.14006,2.6252,9.912
2949,-0.70988,2.7976,9.6007
2950,-1.0403,2.903,8.9352
2951,-1.0451,2.8503,8.5952
2952,-0.59496,2.496,8.849
2953,-0.30287,2.2517,9.4284
2954,-0.44173,2.2278,9.9934
2955,-0.37948,1.8064,10.549
2956,-0.98282,1.5909,10.534
2957,-1.2845,1.3946,9.3039
2958,-1.4664,1.3228,8.5281
2959,-1.3276,1.5622,10.333
2960,-2.2709,0.7865,10.549
2961,-3.2334,0.10175,10.171
2962,-3.5638,-0.27653,10.726
2963,-3.3004,-0.66918,11.042
2964,-3.4105,-0.52553,11.32
2965,-3.8702,-0.28132,11.736
2966,-3.4872,0.52313,12.052
2967,-3.5494,1.1408,12.335
2968,-1.3898,1.9357,9.6391
2969,0.77931,-1.2198,2.9544
2970,-1.7585,-3.1639,4.3191
2971,-2.4289,-0.027533,10.491
2972,-4.0905,0.85832,10.309
2973,-4.7848,1.3515,8.0924
2974,-3.0227,1.1887,6.3925
2975,-0.78171,1.3994,6.0478
2976,0.17119,1.4473,7.7428
2977,-1.6771,0.66678,10.635
2978,-3.1328,-0.44891,12.091
2979,-1.9022,-0.34836,10.74
2980,-0.29808,-0.03711,9.9599
2981,-0.51356,-0.013168,10.597
2982,-1.2941,-0.39624,10.956
2983,-1.6149,-0.19513,10.874
2984,-2.1799,0.54707,11.32
2985,-2.2709,0.7865,10.946
2986,-2.0315,0.52313,9.8976
2987,-1.409,0.55186,9.6151
2988,-0.75298,0.93494,10.06
2989,-1.1408,1.1217,9.6869
2990,-1.0403,1.3372,8.7053
2991,0.81283,1.0977,8.5186
2992,1.0092,0.85353,6.8522
2993,-0.66678,1.6771,9.074
2994,-1.227,1.9166,9.4044
2995,-0.38906,1.3419,9.9168
2996,-0.25019,0.76734,10.453
2997,1.2151,0.73861,11.602
2998,2.9868,0.76255,11.65
2999,2.9006,0.17837,12.014
3000,0.39145,0.25019,11.138
3001,-1.7154,1.0499,9.7348
3002,-0.8679,1.0834,9.6007
3003,2.4409,-0.74101,10.702
3004,2.6324,-2.2637,11.344
3005,0.92775,-2.2302,11.918
3006,-0.9493,-1.8854,13.331
3007,-1.8447,-1.1624,13.403
3008,-1.7538,-0.68354,11.851
3009,-1.0546,-0.43455,9.8928
3010,0.36751,-0.67876,10.099
3011,1.0044,-1.0762,11.909
3012,1.1145,-0.58299,11.42
3013,0.66918,-0.21428,9.1602
3014,-0.13048,-0.45849,7.6567
3015,-0.37948,-0.82241,8.5521
3016,-0.45131,-1.67,8.8969
3017,0.35793,-1.5886,9.6486
3018,1.3443,-0.84156,10.223
3019,0.65003,-0.3292,9.5864
3020,-0.092177,0.10654,8.6766
3021,0.099359,0.43215,7.9057
3022,1.6029,0.45131,8.1068
3023,2.8718,0.15921,8.6431
3024,2.6228,-0.25738,8.3318
3025,2.2781,0.096965,7.5322
3026,1.2151,0.58059,7.5322
3027,0.60693,1.1504,8.1547
3028,0.74579,1.2318,8.8729
3029,1.2438,1.0259,9.2177
3030,1.8471,0.71946,9.1794
3031,1.9812,0.51356,9.1458
3032,1.5071,0.74819,9.6582
3033,0.76974,1.069,9.6199
3034,0.15682,1.3611,8.9543
3035,-0.14485,1.2175,8.3079
3036,0.94691,0.56144,9.0118
3037,1.4066,0.05387,10.568
3038,0.98521,-0.061052,11.779
3039,-0.0826,0.38906,12.273
3040,-0.89184,0.65242,11.87
3041,-1.0834,0.72425,11.143
3042,-0.56623,0.28371,10.424
3043,-0.50398,-0.59735,10.099
3044,-0.40342,-1.1384,10.276
3045,-0.15921,-1.5311,11.071
3046,0.27174,-1.6795,12.464
3047,0.03711,-1.6077,12.56
3048,-0.71946,-1.148,11.056
3049,-1.3467,-0.74101,9.4667
3050,-1.8016,-0.81762,9.6199
3051,-1.3036,-1.3252,10.602
3052,-1.002,-1.9046,10.4
3053,-1.7107,-1.3922,9.1698
3054,-1.8878,-0.25738,8.4324
3055,-1.7538,0.29808,8.9783
3056,-1.1504,-0.2047,9.4044
3057,-0.23583,1.1552,9.7252
3058,-0.039504,1.4569,8.7436
3059,-0.3699,1.5191,9.4379
3060,0.13767,1.7825,8.8298
3061,0.1664,1.9597,8.4851
3062,-0.044293,1.9213,9.3901
3063,-0.164,1.7011,9.9503
3064,-0.13527,1.8926,10.405
3065,-0.010774,1.7968,10.123
3066,-0.21668,1.3946,9.572
3067,-0.22625,1.6532,9.912
3068,-0.21189,1.7585,10.582
3069,-0.010774,1.6867,10.597
3070,0.21907,1.7968,9.6917
3071,-0.073023,1.6628,9.2225
3072,0.13288,1.567,8.9687
3073,0.51595,1.7011,9.0501
3074,0.60214,1.7921,9.4475
3075,0.022745,1.3324,10.592
3076,0.027533,1.2366,10.683
3077,0.23822,1.6245,9.3996
3078,0.19513,1.7681,8.8825
3079,0.25259,1.3563,9.3326
3080,0.14245,1.6005,9.1171
3081,-0.1257,1.5287,9.9407
